SMILES,Name,pIC50
Br.Br.COc1cc(F)ccc1N1CCN(C[C@H]2C[C@@H]2c2ccccc2)CC1,CHEMBL1202214,8
Br.COc1c(Cl)cc(N2CCN(C[C@H]3C[C@@H]3c3ccccc3)CC2)cc1Cl,CHEMBL1202204,6.642065153
Br.COc1cc(Cl)ccc1N1CCN(C[C@H]2C[C@@H]2c2ccccc2)CC1,CHEMBL1202211,7.769551079
Br.COc1ccc(Cl)cc1N1CCN(C[C@H]2C[C@@H]2c2ccccc2)CC1,CHEMBL1202205,8.301029996
Br.COc1ccc(N2CCN(C[C@H]3C[C@@H]3c3ccccc3)CC2)cc1,CHEMBL1202224,6.123782159
Br.COc1ccc([C@H]2C[C@@H]2CN2CCN(c3ccc(Cl)cc3Cl)CC2)cc1,CHEMBL1202206,8.15490196
Br.COc1cccc(N2CCN(C[C@H]3C[C@@H]3c3ccccc3)CC2)c1,CHEMBL1202217,6.76700389
Br.COc1ccccc1N1CCN(C[C@H]2C[C@@H]2c2ccccc2)CC1,CHEMBL1202216,8.301029996
Br.Cc1cc(Cl)ccc1N1CCN(C[C@H]2C[C@@H]2c2ccccc2)CC1,CHEMBL1202210,6.89279003
Br.Cc1cc(F)ccc1N1CCN(C[C@H]2C[C@@H]2c2ccccc2)CC1,CHEMBL1202209,7.167491087
Br.Cc1ccc(N2CCN(CC3CC3c3ccccc3)CC2)c(C)c1,CHEMBL2092961,7.22184875
Br.Cc1ccc(N2CCN(C[C@@H]3C[C@H]3c3ccccc3)CC2)c(C)c1,CHEMBL1202208,7.13667714
Br.Cc1ccc(N2CCN(C[C@H]3C[C@@H]3c3ccccc3)CC2)c(C)c1,CHEMBL1204119,7.346787486
Br.Clc1cc(Cl)cc(N2CCN(C[C@H]3C[C@@H]3c3ccccc3)CC2)c1,CHEMBL1202225,7.494850022
Br.Clc1ccc(N2CCN(C[C@H]3C[C@@H]3c3ccccc3)CC2)c(Cl)c1,CHEMBL1204116,7.102372909
Br.Clc1ccc(N2CCN(C[C@H]3C[C@@H]3c3ccccc3)CC2)cc1,CHEMBL1202220,6.609064893
Br.Clc1ccc(N2CCN(C[C@H]3C[C@@H]3c3ccccc3)CC2)cc1Cl,CHEMBL1202212,6.681936665
Br.Clc1cccc(N2CCN(C[C@H]3C[C@@H]3c3ccccc3)CC2)c1,CHEMBL1202221,6.835647144
Br.Clc1cccc(N2CCN(C[C@H]3C[C@@H]3c3ccccc3)CC2)c1Cl,CHEMBL1202213,8.698970004
Br.Clc1ccccc1N1CCN(C[C@H]2C[C@@H]2c2ccccc2)CC1,CHEMBL1202215,8.301029996
Br.Fc1ccc([C@H]2C[C@@H]2CN2CCN(c3ccc(Cl)cc3)CC2)cc1,CHEMBL1202222,6.694648631
Br.Fc1ccc([C@H]2C[C@@H]2CN2CCN(c3cccc(Cl)c3)CC2)cc1,CHEMBL1202223,7.251811973
Br.Fc1ccc([C@H]2C[C@@H]2CN2CCN(c3ccccc3Cl)CC2)cc1,CHEMBL1202219,7.886056648
Br.Oc1ccc([C@H]2C[C@@H]2CN2CCN(c3ccc(Cl)cc3Cl)CC2)cc1,CHEMBL1202202,7.920818754
Br.c1ccc([C@H]2C[C@@H]2CN2CCN(c3cccnc3)CC2)cc1,CHEMBL1202203,5
Br.c1ccc([C@H]2C[C@@H]2CN2CCN(c3ccncc3)CC2)cc1,CHEMBL1202207,5
C(#Cc1ccccc1)CN(c1ccccc1)C1CCN(Cc2ccccc2)CC1.O=C(O)/C=C/C(=O)O,CHEMBL113282,6.050609993
C(#Cc1ccccc1)CNC1CCN(Cc2ccccc2)CC1.O=C(O)/C=C/C(=O)O,CHEMBL115934,5
C(=C/c1ccccc1)\CN(C/C=C/c1ccccc1)C1CCN(Cc2ccccc2)CC1.O=C(O)/C=C/C(=O)O,CHEMBL320801,5
C(=C/c1ccccc1)\CN(c1ccccc1)C1CCN(Cc2ccccc2)CC1.O=C(O)/C=C/C(=O)O,CHEMBL115506,5
C(=C/c1ccccc1)\CN1CCN(C(c2ccccc2)c2ccccc2)CC1,CHEMBL43064,6.110138279
C(=C/c1ccccc1)\CNC1CCN(Cc2ccccc2)CC1.O=C(O)/C=C/C(=O)O,CHEMBL111909,5
C/C(=N\OC(=O)Nc1ccccc1)c1cccc(-c2cccs2)c1,CHEMBL1210154,5
C=C1CCC[C@]2(C)Cc3occ(C)c3C[C@@H]12,CHEMBL486189,5.602059991
C=CCN1CCC[C@H]1CNC(=O)c1cc(CCCCl)cc(OC)c1OC,CHEMBL502017,7.76700389
C=CCN1CCC[C@H]1CNC(=O)c1cc(CCCF)cc(OC)c1OC,CHEMBL392158,8.301029996
C=CCO/N=C(\CCN1CCN(c2ccccn2)CC1)c1ccccc1,CHEMBL213700,5
CB1C=Cc2c(cccc2OCC(O)CN(C)C)N1,CHEMBL3736156,5.300000202
CB1C=Cc2cccc(OCC(O)CN(C)C)c2N1,CHEMBL3736433,5.300000202
CC(=O)N1CC(CCN2CCN(c3cccc4sccc34)CC2)c2ccccc21,CHEMBL5960228,6.91721463
CC(=O)N1CCN([C@H]2CCC[C@@H](NC(=O)c3cc4c(F)ccc(C)c4[nH]3)C2)CC1,CHEMBL5095235,4.886056648
CC(=O)N[C@@H]1CC2(CCN(Cc3ccc4[nH]c5ccc(Cl)cc5c4c3)CC2)c2ccccc21,CHEMBL1934127,6.301029996
CC(=O)N[C@@H]1CC2(CCN(Cc3ccc4c(c3)c3ccccc3n4C(N)=O)CC2)c2ccccc21,CHEMBL1934130,5.823908741
CC(=O)Nc1cc(Cl)ccc1/C=C/C(=O)N1CCN(Cc2ccc(F)cc2)C[C@H]1C,CHEMBL198949,6
CC(=O)Nc1cccc(OCCCCN2CCN(c3cccc(Cl)c3Cl)CC2)c1,CHEMBL3805600,7.007004902
CC(=O)Nc1nc2c(CCN3CCN(c4cccc5sccc45)CC3)cccc2s1,CHEMBL5816572,6.665546249
CC(=O)Nc1nc2cc(CCN3CCN(c4cccc5sccc45)CC3)ccc2s1,CHEMBL5874145,6.924453039
CC(=O)Nc1nc2ccc(CCN3CCN(c4cccc5sccc45)CC3)cc2s1,CHEMBL5904347,8.420216403
CC(=O)Nc1nc2cccc(CCN3CCN(c4cccc5sccc45)CC3)c2s1,CHEMBL5792929,8.328827157
CC(=O)O[C@@H]1[C@@H]2C[C@H]([C@@H]1OC(C)=O)[C@H]1C(=O)N(CCCCN3CCN(c4cccc5sccc45)CC3)C(=O)[C@@H]21,CHEMBL4290309,7.350665141
CC(=O)c1cccc(NC(=O)N[C@@H]2CCCC[C@H]2CN2CCC[C@@H](Cc3ccc(F)cc3)C2)c1,CHEMBL250689,6
CC(=O)c1sc(NC(=O)N[C@@H]2CN(C(C)=O)CC[C@H]2CN2CCC[C@@H](Cc3ccc(F)cc3)C2)nc1C,CHEMBL249854,6.193820026
CC(=O)n1cc(CCCCN2CCN(c3cccc4sccc34)CC2)c2cc(C#N)ccc21,CHEMBL6020218,7.239577517
CC(C(O)c1ccc(O)cc1)N1CCC(Cc2ccccc2)CC1,CHEMBL305187,6
CC(C)(C)C(=O)NCCN1CC=C(c2cccc(C(F)(F)F)n2)CC1,CHEMBL5853768,5.89279003
CC(C)(C)C(=O)NCCN1CCC(c2cccc(C(F)(F)F)n2)CC1,CHEMBL5742873,5.612076533
CC(C)(C)N1C=CN(C(=O)CCCN2CCN(c3cccc(Cl)c3Cl)CC2)CC1=O,CHEMBL5290330,5.760000207
CC(C)(C)NC(=O)C1C(=O)NCCN1C(=O)CCCN1CCN(c2cccc(Cl)c2Cl)CC1,CHEMBL5266508,8.419987887
CC(C)(C)NC(=O)Cn1c(CCCN2CCN(c3cccc(Cl)c3Cl)CC2)nc2cc(Br)c(Br)cc21,CHEMBL5282604,6.350003493
CC(C)(C)NC(=O)Cn1c(CCCN2CCN(c3cccc(Cl)c3Cl)CC2)nc2ccccc21,CHEMBL5273880,6.429994423
CC(C)(C)NS(=O)(=O)c1ccc(-c2sc(C(=O)N[C@H]3C[C@H](C(=O)O)C3)nc2CC2CCCCC2)c2ccccc12,CHEMBL4128926,8.744727495
CC(C)(C)[C@@]1(O)CCN2C[C@@H]3c4ccccc4CCc4cccc(c43)[C@H]2C1,CHEMBL1255588,8.162051002
CC(C)(C)[C@]1(O)CCN2C[C@@H]3c4ccccc4CCc4cccc(c43)[C@@H]2C1,CHEMBL3885419,8.958607315
CC(C)(C)[C@]1(O)CCN2C[C@H]3c4ccccc4CCc4cccc(c43)[C@@H]2C1,CHEMBL8514,8.813420329
CC(C)(C)c1ccc(C(=O)CCCN2CCC(OC(c3ccccc3)c3ccccc3)CC2)cc1,CHEMBL305660,6.218208735
CC(C)(C)c1ccc(C(O)CCCN2CCC(C(O)(c3ccccc3)c3ccccc3)CC2)cc1,CHEMBL17157,5.209926052
CC(C)(C)c1ccc(OCCN2CCN(C(=O)c3cc4ccccc4[nH]3)CC2)cc1,CHEMBL4439612,4
CC(C)(C)c1nc(N2CCN(CCCCNC(=O)[C@H]3CC[C@H](c4ccccc4)CC3)CC2)cc(C(F)(F)F)n1,CHEMBL3323117,6.301029996
CC(C)(C)c1nc(N2CCN(CCCCNC(=O)c3cc4ccccc4[nH]3)CC2)cc(C(F)(F)F)n1,CHEMBL3323012,6.378823718
CC(C)(C)c1nc(N2CCN(CCCCNC(=O)c3cn4ccccc4n3)CC2)cc(C(F)(F)F)n1,CHEMBL3323011,6.050284801
CC(C)(C)c1nc(N2CCN(CCCCNC(=O)c3cn4cccnc4n3)CC2)cc(C(F)(F)F)n1,CHEMBL3323015,6.91721463
CC(C)(C)c1nc(N2CCN(CCCCNC(=O)c3cn4ccncc4n3)CC2)cc(C(F)(F)F)n1,CHEMBL3323016,6.783394306
CC(C)(C)c1nc(N2CCN(CCCCNC(=O)c3cn4nc(Cl)ccc4n3)CC2)cc(C(F)(F)F)n1,CHEMBL3323017,6.228412519
CC(C)(C)c1nc(N2CCN(CCCCNC(=O)c3nc4ccccc4[nH]3)CC2)cc(C(F)(F)F)n1,CHEMBL3323013,6.402853512
CC(C)(O)c1ccc(N2Cc3c(ccnc3-c3ccc(F)cc3OCC(F)(F)F)C2=O)cc1,CHEMBL5078078,5
CC(C)C[C@H]1C(=O)N2CCC[C@H]2[C@]2(O)O[C@](NC(=O)[C@@H]3C=C4c5cccc6[nH]c(Br)c(c56)C[C@H]4N(C)C3)(C(C)C)C(=O)N12,CHEMBL493,8.800793521
CC(C)C[C@H]1C(=O)N2CCC[C@H]2[C@]2(O)O[C@](NC(=O)[C@@H]3C=C4c5cccc6[nH]cc(c56)C[C@H]4N(C)C3)(C(C)C)C(=O)N12,CHEMBL1403281,8.709965389
CC(C)N(CCCN1CCC(c2noc3cc(F)ccc23)CC1)C(=O)c1ccccc1,CHEMBL4794013,7.226945307
CC(C)N(CCCN1CCN(c2cccc(Cl)c2Cl)CC1)C(=O)c1ccccc1,CHEMBL4752859,6.277366077
CC(C)N(c1cccc(N2CCN(C)CC2)c1)S(=O)(=O)c1ccc2ccccc2c1,CHEMBL1222134,5
CC(C)N(c1cccc(N2CCN(C)CC2)c1)S(=O)(=O)c1cccc2ccccc12,CHEMBL1222234,5
CC(C)N(c1cccc(N2CCN(C)CC2)c1)S(=O)(=O)c1ccccc1,CHEMBL1222138,5
CC(C)NCC(O)COc1cccc2ccccc12,CHEMBL27,5.300000202
CC(C)O/N=C(\CCN1CCN(c2ccccn2)CC1)c1ccccc1,CHEMBL376639,5
CC(C)Oc1cccnc1N(C)C1CCN(Cc2ccccc2)CC1.O=C(O)/C=C\C(=O)O,CHEMBL64119,6.207608311
CC(C)[C@@]1(NC(=O)[C@@H]2C[C@@H]3c4cccc5[nH]cc(c45)C[C@H]3N(C)C2)O[C@@]2(O)[C@@H]3CCCN3C(=O)[C@H](Cc3ccccc3)N2C1=O.CS(=O)(=O)O,CHEMBL1255837,8.831502516
CC(C)[C@H]1C(=O)N2CCC[C@H]2[C@]2(O)O[C@](NC(=O)[C@@H]3C=C4c5cccc6[nH]cc(c56)C[C@H]4N(C)C3)(C(C)C)C(=O)N12,CHEMBL1385840,8.298259368
CC(CN1c2ccccc2Sc2ccccc21)N(C)C,CHEMBL643,6.357041121
CC(CNCc1ccc(CCNC[C@H](O)c2ccc(O)c3[nH]c(=O)sc23)cc1)c1ccccc1,CHEMBL1945036,5.599999383
CC(Cc1cccc(CNCCc2c(Cl)cccc2Cl)c1)NC[C@H](O)c1ccc(O)c2[nH]c(=O)sc12,CHEMBL1945297,6.900008766
CC(O)CN1CCN(CCSC(c2ccc(F)cc2)c2ccc(F)cc2)CC1,CHEMBL3916231,5
CC(O)CN1CCN(CC[S+]([O-])C(c2ccc(F)cc2)c2ccc(F)cc2)CC1,CHEMBL3931765,5
CC/C(=C(/CC)c1ccc(O)cc1)c1ccc(O)cc1,CHEMBL411,4.875463172
CC/C(=C(\c1ccccc1)c1ccc(OCCN(C)C)cc1)c1ccccc1,CHEMBL83,4.857454116
CC1(C)C2C(=O)N(CCCCN3CCN(c4cccc5sccc45)CC3)C(=O)C21,CHEMBL4284353,8.075720714
CC1(C)CC(=O)N(CCCCN2CCN(c3cccc4sccc34)CC2)C(=O)C1,CHEMBL4291215,8.142667504
CC1(C)OC(=O)N([C@H]2CC[C@H](c3cnc(N)c(-c4ncccn4)c3)CC2)[C@H]1c1ccccc1,CHEMBL3099716,4.314258261
CC1CC(=O)c2c(N3CCN(C)CC3)cccc2N1S(=O)(=O)c1ccc2ccccc2c1,CHEMBL1642123,5
CC1CC(=O)c2ccc(N3CCN(C)CC3)cc2N1S(=O)(=O)c1ccc2ccccc2c1,CHEMBL1642118,6.866461092
CCC(=O)N1CC[C@H](Nc2ncnc3c2CN(c2cnc(OC)c(C(F)(F)F)c2)CC3)C1,CHEMBL3643413,4.522878745
CCC(CC(=O)c1ccc(C)cc1)N1CCCC1,CHEMBL202939,5
CCC(CC(=O)c1ccc(Cl)c(Cl)c1)N1CCCC1,CHEMBL377498,5
CCC(CC)Nc1nc(C)nc2c(-c3cc(F)c(OC)cc3Cl)c(C)nn12,CHEMBL484158,6
CCC1(C)CC(=O)N(CCCCN2CCN(c3cccc4sccc34)CC2)C(=O)C1,CHEMBL4286717,7.962573502
CCC1CC(=O)c2c(N3CCN(C)CC3)cccc2N1S(=O)(=O)c1ccc2ccccc2c1,CHEMBL1642126,6
CCCC(C(=O)c1ccc(-c2cccs2)cc1)N1CCCC1,CHEMBL369997,5
CCCC(C(=O)c1ccc(Br)cc1)N1CCCC1,CHEMBL202420,5
CCCC(C(=O)c1ccc(C(F)(F)F)cc1)N1CCCC1,CHEMBL204490,5
CCCC(C(=O)c1ccc(NC(C)=O)cc1)N1CCCC1,CHEMBL379679,5
CCCC(C(=O)c1ccc(O)cc1)N1CCCC1,CHEMBL203563,5
CCCC(C(=O)c1ccc(OC)cc1)N1CCCC1,CHEMBL381127,5
CCCC(C(=O)c1ccc([N+](=O)[O-])cc1)N1CCCC1,CHEMBL379446,5
CCCC(C(=O)c1ccc2ccccc2c1)N1CCCC1,CHEMBL204759,5
CCCC(C(=O)c1cccc(C)c1)N1CCCC1,CHEMBL204254,5
CCCC(C(=O)c1ccccc1C)N1CCCC1,CHEMBL203403,5
CCCCCCCCCC(=O)N1c2ccc(Cl)cc2N=C(N2CCN(C)CC2)c2ccccc21,CHEMBL2016607,6.110068327
CCCCCCCCCC(=O)NCCCN1CCN(C2=Nc3cc(Cl)ccc3Nc3ccccc32)CC1,CHEMBL2016625,5.83856611
CCCCCCCCCC(=O)NN1c2ccc(Cl)cc2N=C(N2CCN(C)CC2)c2ccccc21,CHEMBL2016614,5.049355038
CCCCCCN(CCc1ccccc1)CCc1cccc(O)c1,CHEMBL2180641,5.902395671
CCCCCNC(=O)c1cccc(OCCCCN2CCN(c3cccc(Cl)c3Cl)CC2)c1,CHEMBL3805826,7.774690718
CCCCN1C2CCC1CC(OC(c1ccc(F)cc1)c1ccc(F)cc1)C2,CHEMBL11493,5
CCCCO/N=C(\CCN1CCN(c2ccccn2)CC1)c1ccccc1,CHEMBL261957,5
CCCCc1cc2c(s1)C[C@H]1c3cc(O)c(OC)cc3CCN1C2,CHEMBL3344458,6.040958608
CCCCc1ccc(OC)c(C(=O)NC[C@@H]2CCCN2CC)c1OC,CHEMBL1276350,8.569924944
CCCCc1oc2ccccc2c1C(=O)c1cc(I)c(OCCN(CC)CC)c(I)c1,CHEMBL633,4.700013564
CCCN(CCC)C1CCc2cccc(O)c2C1,CHEMBL56,6
CCCN(CCC)CC1COc2cccc(OC)c2C1,CHEMBL11262,5.589999287
CCCN(CCC)CCc1ccc(OC)c(OCCc2ccccc2)c1.Cl,CHEMBL521582,5
CCCN(CCC)[C@@H]1Cc2cccc3c2n(c(=O)n3CCC)C1,CHEMBL3797209,6.402377934
CCCN(CCC)[C@@H]1Cc2cccc3c2n(c(=O)n3CCCCNC(=O)c2cc3ccccc3[nH]2)C1,CHEMBL4068455,5.546142949
CCCN(CCCCN1C(=O)CC2(CCCC2)CC1=O)C1COc2cccc(OC)c2C1,CHEMBL11592,8
CCCN(CCCCN1C(=O)CC2(CCCC2)CC1=O)CC1COc2cccc(OC)c2C1,CHEMBL417608,5.749999856
CCCN(CCCCNC(=O)c1cc2ccccc2[nH]1)[C@@H]1Cc2cccc3c2n(c(=O)n3CCC)C1,CHEMBL4093477,5.359004571
CCCN(CCCN1CCC(c2noc3cc(F)ccc23)CC1)C(=O)c1ccccc1,CHEMBL4761441,7.732828272
CCCN(CCCN1CCN(c2cccc(Cl)c2Cl)CC1)C(=O)c1ccccc1,CHEMBL4745192,6.31452698
CCCN(CCCN1CCN(c2ccccc2OC)CC1)C(=O)c1ccccc1,CHEMBL4746563,6.330776126
CCCN(CCCN1CCN(c2ccccn2)CC1)C(=O)c1ccccc1,CHEMBL4754651,5.158953535
CCCN(c1cccc(N2CCN(C)CC2)c1)S(=O)(=O)c1ccc2ccccc2c1,CHEMBL1222363,5
CCCN1CCC(COc2nc3ccccc3c3c2CCCN3)CC1,CHEMBL35226,5.468521083
CCCN1CCC(n2cnc3ccccc32)CC1,CHEMBL2207492,3.236572006
CCCN1CCC[C@@H]2Cc3[nH]ncc3C[C@H]21,CHEMBL240773,6.633922748
CCCN1CCc2cccc3c2[C@H]1Cc1ccc(O)c(O)c1-3,CHEMBL225230,15.30059592
CCCN1C[C@H](CSC)C[C@@H]2c3cccc4[nH]cc(c34)C[C@H]21,CHEMBL531,6.954677021
CCCNCc1cc2ccccc2oc1=O,CHEMBL3113639,4.522878745
CCCN[C@H]1CCc2nc(N)sc2C1,CHEMBL301265,5
CCCO/N=C(\CCN1CCN(c2ccccn2)CC1)c1ccccc1,CHEMBL212831,5
CCC[C@@H](C(=O)c1ccc(C)cc1)N1CCCC1,CHEMBL372312,5
CCCc1c(C)cc(O)c(OC)c1C(=O)NC[C@@H]1CCCN1CC,CHEMBL1276766,6.850011544
CCCc1c(Cl)cc(O)c(OC)c1C(=O)NC[C@@H]1CCCN1CC,CHEMBL1276764,6.959991364
CCCc1cc(O)c(OC)c(C(=O)NC[C@@H]2CCCN2CC)c1,CHEMBL1276585,9.299988938
CCCc1cc(O)c(OC)c(C(=O)NC[C@@H]2CCCN2CC)c1C,CHEMBL1276763,8.299988938
CCCc1cc(O)c(OC)c(C(=O)NC[C@@H]2CCCN2CC)c1Cl,CHEMBL1276615,8.489991487
CCCc1ccc(OC)c(C(=O)NC[C@@H]2CCCN2CC)c1,CHEMBL1276351,7.169989064
CCCn1c(-c2ccccc2)cc(C(=O)NCCCN2CCN(c3cccc(Cl)c3Cl)CC2)c1C,CHEMBL1086756,5.427593132
CCN(CC)C(=O)N[C@H]1C=C2c3cccc4[nH]cc(c34)C[C@H]2N(C)C1,CHEMBL157138,8.543633967
CCN(CC)C(=O)[C@@H]1C=C2c3cccc4[nH]cc(c34)C[C@H]2N(C(=O)Nc2ccccc2)C1,CHEMBL584554,5.798602876
CCN(CC)C(=O)[C@@H]1C=C2c3cccc4[nH]cc(c34)C[C@H]2NC1,CHEMBL21343,5
CCN(CC)C(=S)SSC(=S)N(CC)CC,CHEMBL964,4.637932414
CCN(CC)CCNC(=O)c1cc(Cl)c(N)cc1OC,CHEMBL86,6.896196279
CCN(CC)CCNC(=O)c1cc(S(C)(=O)=O)ccc1OC,CHEMBL84158,5.909389292
CCN(c1cccc(N2CCN(C)CC2)c1)S(=O)(=O)c1ccc2ccccc2c1,CHEMBL1222364,5
CCN1CCCC1CNC(=O)c1cc(S(=O)(=O)CC)c(N)cc1OC,CHEMBL243712,8.221607542
CCN1CCCC1CNC(=O)c1cc(S(=O)(=O)CC)c(NC)cc1OC,CHEMBL4594422,8.068033885
CCN1CCCC1CNC(=O)c1cc(S(N)(=O)=O)ccc1OC,CHEMBL26,7.066715228
CCN1CCC[C@H]1CNC(=O)c1c(Br)c(Br)cc(O)c1OC,CHEMBL1276461,7.590066877
CCN1CCC[C@H]1CNC(=O)c1c(Br)c(C)cc(O)c1OC,CHEMBL1276616,8.260032303
CCN1CCC[C@H]1CNC(=O)c1c(Br)c(Cl)cc(O)c1OC,CHEMBL1276427,7.240030142
CCN1CCC[C@H]1CNC(=O)c1c(Br)c(OC)cc(O)c1OC,CHEMBL1276587,7.169989064
CCN1CCC[C@H]1CNC(=O)c1c(Br)ccc(O)c1OC,CHEMBL1276710,7.250031916
CCN1CCC[C@H]1CNC(=O)c1c(C)c(Br)cc(O)c1OC,CHEMBL1276741,7.960189446
CCN1CCC[C@H]1CNC(=O)c1c(C)c(C)cc(O)c1OC,CHEMBL1276528,8.110026362
CCN1CCC[C@H]1CNC(=O)c1c(C)c(Cl)cc(O)c1OC,CHEMBL1276711,7.960189446
CCN1CCC[C@H]1CNC(=O)c1c(Cl)c(Br)cc(O)c1OC,CHEMBL1276460,7.770062314
CCN1CCC[C@H]1CNC(=O)c1c(Cl)c(C)cc(O)c1OC,CHEMBL1276527,7.590066877
CCN1CCC[C@H]1CNC(=O)c1c(Cl)c(Cl)cc(O)c1OC,CHEMBL1276708,7.489991487
CCN1CCC[C@H]1CNC(=O)c1c(Cl)c(OC)cc(O)c1OC,CHEMBL1276709,7.150028088
CCN1CCC[C@H]1CNC(=O)c1c(Cl)ccc(O)c1OC,CHEMBL1276399,7.189969214
CCN1CCC[C@H]1CNC(=O)c1c(F)c(Br)cc(O)c1OC,CHEMBL1276740,8.150028088
CCN1CCC[C@H]1CNC(=O)c1c(O)c(Cl)cc(Cl)c1OC,CHEMBL8809,7.284309962
CCN1CCC[C@H]1CNC(=O)c1c(OC)c(O)cc(Br)c1OC,CHEMBL1276494,8.849857838
CCN1CCC[C@H]1CNC(=O)c1c(OC)c(O)cc(Br)c1[N+](=O)[O-],CHEMBL1276495,6.729997
CCN1CCC[C@H]1CNC(=O)c1c(OC)c(O)cc(Cl)c1OC,CHEMBL1276712,8.770062314
CCN1CCC[C@H]1CNC(=O)c1c(OC)c(O)cc(I)c1OC,CHEMBL1276325,9.540004744
CCN1CCC[C@H]1CNC(=O)c1c(OC)ccc(Br)c1Br,CHEMBL1276738,8.100015437
CCN1CCC[C@H]1CNC(=O)c1c(OC)ccc(Br)c1O,CHEMBL283099,8
CCN1CCC[C@H]1CNC(=O)c1c(OC)ccc(Br)c1OC,CHEMBL22242,6.355954521
CCN1CCC[C@H]1CNC(=O)c1c(OC)ccc(C)c1OC,CHEMBL1276645,8.280006174
CCN1CCC[C@H]1CNC(=O)c1c(OC)ccc(Cl)c1Br,CHEMBL1276374,8.250031916
CCN1CCC[C@H]1CNC(=O)c1c(OC)ccc(Cl)c1Cl,CHEMBL1276352,7.7000571
CCN1CCC[C@H]1CNC(=O)c1c(OC)ccc(I)c1OC,CHEMBL23464,9.169989064
CCN1CCC[C@H]1CNC(=O)c1c(OC)ccc(O)c1OC,CHEMBL1276400,8.059981845
CCN1CCC[C@H]1CNC(=O)c1c(OC)ccc(SC)c1OC,CHEMBL1276326,8.960189446
CCN1CCC[C@H]1CNC(=O)c1c(OC)cccc1OC,CHEMBL282024,7.280006174
CCN1CCC[C@H]1CNC(=O)c1cc(Br)cc(O)c1OC,CHEMBL1276459,8.079981084
CCN1CCC[C@H]1CNC(=O)c1cc(Br)ccc1OC,CHEMBL1276268,7.339988779
CCN1CCC[C@H]1CNC(=O)c1cc(C)cc(O)c1OC,CHEMBL1276742,7.72010502
CCN1CCC[C@H]1CNC(=O)c1cc(Cl)cc(O)c1OC,CHEMBL1276426,7.410050399
CCN1CCC[C@H]1CNC(=O)c1cc(Cl)ccc1OC,CHEMBL1276238,6.589999287
CCN1CCC[C@H]1CNC(=O)c1cc(F)cc(O)c1OC,CHEMBL1276401,6.439997673
CCN1CCC[C@H]1CNC(=O)c1cc(I)cc(O)c1OC,CHEMBL1276496,8.519993057
CCN1CCC[C@H]1CNC(=O)c1cc(OC)cc(O)c1OC,CHEMBL1276586,6.690008071
CCN1CCC[C@H]1CNC(=O)c1cc(S(N)(=O)=O)ccc1OC,CHEMBL267044,7.193820026
CCN1CCC[C@H]1CNC(=O)c1cc([N+](=O)[O-])cc(O)c1OC,CHEMBL1276767,5.520000247
CCN1CCC[C@H]1CNC(=O)c1cccc(O)c1OC,CHEMBL1276269,6.499996932
CCN1CCc2cc3nc(N)sc3cc2CC1,CHEMBL2326489,4.721246399
CCNC(=O)C[C@@H]1N=C(c2ccc(Cl)cc2)c2cc(OC)ccc2-n2c(C)nnc21,CHEMBL1232461,4
CCNC(=O)c1cc(OCCCCN2CCC(c3noc4cc(F)ccc34)CC2)ccn1,CHEMBL4210637,7.424812155
CCNC(=O)c1cccc(OCCCCN2CCN(c3cccc(Cl)c3Cl)CC2)c1,CHEMBL3805772,6.935542011
CCNC(=O)c1ccnc(OCCCCN2CCC(c3noc4cc(F)ccc34)CC2)c1,CHEMBL4209705,7.1837587
CCNC(=O)c1cncc(OCCCCN2CCC(c3noc4cc(F)ccc34)CC2)c1,CHEMBL4218526,7.229147988
CCN[C@@H]1Cc2cc3nc(N)sc3cc2C1,CHEMBL2326486,6.173925197
CCO/N=C(/CCN1CCN(c2ccccn2)CC1)c1ccccc1,CHEMBL213572,5
CCO/N=C(\CCN1CCN(c2ccc(OC)cc2)CC1)c1ccccc1,CHEMBL214203,5
CCO/N=C(\CCN1CCN(c2cccc(OC)c2)CC1)c1ccccc1,CHEMBL411545,5
CCO/N=C(\CCN1CCN(c2cccc(OCC)c2)CC1)c1ccccc1,CHEMBL215704,5
CCO/N=C(\CCN1CCN(c2ccccc2)CC1)c1ccccc1,CHEMBL213246,5
CCO/N=C(\CCN1CCN(c2ccccc2C#N)CC1)c1ccccc1,CHEMBL386867,5
CCO/N=C(\CCN1CCN(c2ccccc2OC)CC1)c1ccccc1,CHEMBL212607,5
CCO/N=C(\CCN1CCN(c2ccccn2)CC1)c1ccccc1,CHEMBL212782,5
CCO/N=C(\CCN1CCN(c2ncccc2C#N)CC1)c1ccccc1,CHEMBL213398,5
CCO/N=C(\CCN1CCN(c2ncccc2C)CC1)c1ccccc1,CHEMBL379597,5
CCO/N=C(\CCN1CCN(c2ncccn2)CC1)c1ccccc1,CHEMBL377023,5
CCO/N=C(\CCN1CCN(c2nccs2)CC1)c1ccccc1,CHEMBL377388,5
CCO/N=C1/c2ccccc2CCC1CN1CCN(c2ccccn2)CC1,CHEMBL212901,5
CCOC(=O)N1CCC(N2CCC(n3c(=O)[nH]c4ccccc43)CC2)CC1,CHEMBL491209,5
CCOC(=O)N1CCC(N2CCC[C@@H](NC(=O)c3ccccc3C)C2)CC1,CHEMBL1916224,4.522878745
CCOC(=O)N1CCC(NCCNC(=O)c2ccccc2C)CC1,CHEMBL1624037,5.346787486
CCOc1cc(N)c(Cl)cc1C(=O)NC[C@@H]1CCN2CCC[C@@H]12,CHEMBL201019,5.27572413
CCOc1ccc(CCNC(=O)N2CCN(CCCC(c3ccc(F)cc3)c3ccc(F)cc3)CC2)cc1,CHEMBL113956,5.539102157
CCOc1ccc(CCNCCCSCCNC[C@H](O)c2ccc(O)c3[nH]c(=O)sc23)cc1,CHEMBL1807825,5.400000186
CCOc1ccc(OCCN2CCN(C(=O)c3cc4ccccc4[nH]3)CC2)cc1,CHEMBL4442016,4
CCOc1ccccc1CNCc1cccc(CCNC[C@H](O)c2ccc(O)c3[nH]c(=O)sc23)c1,CHEMBL1945290,5.899998417
CCOc1ccccc1N1CCN(CCCC(=O)NCc2nc3cc(F)ccc3c(=O)n2-c2ccc(OC)cc2)CC1,CHEMBL259199,5.823908741
CCOc1ccccc1N1CCN(CCCC(=O)NCc2nc3ccc(F)cc3c(=O)n2-c2ccc(OC)cc2)CC1,CHEMBL406221,6.853871964
CCOc1ccccc1N1CCN(CCCC(=O)NCc2nc3ccc(F)cc3c(=O)n2-c2ccccc2)CC1,CHEMBL260907,6
CC[C@@H](C)Nc1nc(C)nc2c(-c3c(C)cc(OC)cc3OC)c(C)nn12,CHEMBL506214,6
CC[C@@H](CO)NC(=O)[C@@H]1C=C2c3cccc4[nH]cc(c34)C[C@H]2N(C)C1,CHEMBL1201356,6.081445469
CC[C@@H](CO)NC(=O)[C@@H]1C=C2c3cccc4c3c(cn4C)C[C@H]2N(C)C1,CHEMBL1065,6.093126465
CC[C@H](C)[C@@H](CO[C@@H](Cc1ccccc1)C(=O)N[C@@H](CCS(C)(=O)=O)C(=O)OC(C)C)NC[C@@H](N)CS,CHEMBL1221512,6.804100348
CCc1c(Br)cc(O)c(OC)c1C(=O)NC[C@@H]1CCCN1CC,CHEMBL1276646,7.770062314
CCc1c(Cl)cc(O)c(OC)c1C(=O)NC[C@@H]1CCCN1CC,CHEMBL1276428,7.920095532
CCc1cc(Cl)c(OC)c(C(=O)NC[C@@H]2CCCN2CC)c1O,CHEMBL8946,5
CCc1cc(O)c(OC)c(C(=O)NC[C@@H]2CCCN2CC)c1,CHEMBL1276529,8.540004744
CCc1cc(O)c(OC)c(C(=O)NC[C@@H]2CCCN2CC)c1Br,CHEMBL1276561,8.639974911
CCc1cc(O)c(OC)c(C(=O)NC[C@@H]2CCCN2CC)c1CC,CHEMBL1276647,8.750068243
CCc1cc(O)c(OC)c(C(=O)NC[C@@H]2CCCN2CC)c1Cl,CHEMBL1276560,9.040005162
CCc1cc(O)c(OC)c(C(=O)NC[C@@H]2CCCN2CC)c1F,CHEMBL1276559,8.819874125
CCc1cc(O)c(OC)c(C(=O)NC[C@@H]2CCCN2CC)c1OC,CHEMBL1276327,8.890084137
CCc1ccc(C(=O)N2CCN(CCOc3ccc(OC)cc3)CC2)cc1,CHEMBL4451542,5.22184875
CCc1ccc(CCNCCCSCCNC[C@H](O)c2ccc(O)c3[nH]c(=O)sc23)cc1,CHEMBL1807824,5.599999383
CCc1ccc(O)c(OC)c1C(=O)NC[C@@H]1CCCN1CC,CHEMBL1276765,6.909988976
CCc1ccc(OC)c(C(=O)NC[C@@H]2CCCN2CC)c1,CHEMBL1276677,7.400007822
CCc1ccc(OC)c(C(=O)NC[C@@H]2CCCN2CC)c1Br,CHEMBL1276739,7.960189446
CCc1ccc(OC)c(C(=O)NC[C@@H]2CCCN2CC)c1Cl,CHEMBL1276375,8.379968105
CCc1ccc(OC)c(C(=O)NC[C@@H]2CCCN2CC)c1OC,CHEMBL282925,8.890084137
CCc1ccc(OCCN2CCN(C(=O)c3cc4ccccc4[nH]3)CC2)cc1,CHEMBL4435184,4.301029996
CCc1ccc(OCCN2CCN(C(=O)c3ccc(Cl)cc3)CC2)cc1,CHEMBL5947187,5
CCc1ccc(OCCN2CCN(C(=O)c3ccc(OC)cc3)CC2)cc1,CHEMBL4436562,4.301029996
CCc1ccc2c3c1CCN(C)[C@@H]3Cc1ccc(OC)c(OC)c1-2,CHEMBL4439029,7.549904924
CCc1ccc2c3c1CCN(C)[C@H]3Cc1ccc(OC)c(OC)c1-2,CHEMBL4442011,5.299263625
CCc1cccc(NC(=O)CN2CCC(c3ccccn3)CC2)c1,CHEMBL4437912,4.377314624
CCc1cccc(NC(=O)CN2CCN(c3ccc(Cl)cn3)CC2)c1,CHEMBL4443848,4.230999521
CCc1cccc(NC(=O)CN2CCN(c3ccccn3)CC2)c1,CHEMBL4442548,4.19073328
CCc1ccccc1NC(=O)N1C[C@@H](C)Oc2cc(-c3ccc([C@H]4CC[C@H](CC(=O)O)CC4)cc3)ccc21,CHEMBL3287898,5
CN(C(=O)/C=C/c1ccccc1)C1CCN(Cc2ccccc2)CC1.O=C(O)/C=C/C(=O)O,CHEMBL325063,5.148741651
CN(C(=O)C#Cc1ccccc1)C1CCN(Cc2ccccc2)CC1.O=C(O)/C=C/C(=O)O,CHEMBL111964,5.30980392
CN(C)C(=O)CN1CCc2cc3nc(N)sc3cc2CC1,CHEMBL2326492,5.107905397
CN(C)C(=O)N[C@H]1CC[C@H](CCN2CCN(c3cccc(Cl)c3Cl)CC2)CC1,CHEMBL2028019,8.774690718
CN(C)C(=O)N[C@H]1CC[C@H](CCN2CCc3cccc(Cl)c3C2)CC1,CHEMBL4451797,7.148741651
CN(C)C(=O)c1ccc(CN2CCc3cc4nc(N)sc4cc3CC2)cc1,CHEMBL2326481,6.522878745
CN(C)C(=O)c1cccc(CN2CCc3cc4nc(N)sc4cc3CC2)c1,CHEMBL2326482,6
CN(C)CC1CC2c3cc(F)ccc3Cc3ccc(F)cc3N2O1,CHEMBL314107,6.350003493
CN(C)CC1CC2c3ccccc3Cc3ccc(Cl)cc3N2O1,CHEMBL315772,8.059981845
CN(C)CC1CC2c3ccccc3Cc3ccc(F)cc3N2O1,CHEMBL84931,7.439973751
CN(C)CC1CC2c3ccccc3Cc3ccccc3N2O1,CHEMBL83658,6.06000179
CN(C)CC1CC2c3ccccc3Cc3ccncc3N2O1,CHEMBL331077,5.720000164
CN(C)CC1CC2c3cccnc3Cc3ccccc3N2O1,CHEMBL331188,6
CN(C)CCC1CC2c3ccccc3Cc3ccccc3N2O1,CHEMBL313189,5.019999812
CN(C)CCC=C1c2ccccc2CCc2ccccc21,CHEMBL629,5.996108834
CN(C)CCCN1c2ccccc2CCc2ccc(Cl)cc21,CHEMBL415,6.384049948
CN(C)CCCN1c2ccccc2CCc2ccccc21,CHEMBL11,6.387216143
CN(C)CCCN1c2ccccc2Sc2ccc(Cl)cc21,CHEMBL71,7.847711656
CN(C)CCCN1c2ccccc2Sc2ccc(Cl)cc21.Cl,CHEMBL1713,7.745210313
CN(C)CCCN1c2ccccc2Sc2ccccc21,CHEMBL564,6.296708622
CN(C)CCn1cc(S(=O)(=O)c2cccc(Cl)c2)c2cccnc21,CHEMBL584046,5.301029996
CN(C)CCn1cc(S(=O)(=O)c2cccc(F)c2)c2cccnc21,CHEMBL571858,5.301029996
CN(C)CCn1cc(S(=O)(=O)c2cccc3ccccc23)c2cccnc21,CHEMBL565552,5.301029996
CN(C)Cc1c(C(=O)NCCCCN2CCN(c3cc(C(F)(F)F)nc(C(C)(C)C)n3)CC2)[nH]c2ccccc12,CHEMBL3323019,6.507239611
CN(C)Cc1c(C(=O)NCCCCN2CCN(c3cc(C(F)(F)F)nc(C(C)(C)C)n3)CC2)nc2ccccn12,CHEMBL3323112,6.663540266
CN(C)Cc1cccc2nc(C(=O)NCCCCN3CCN(c4cc(C(F)(F)F)nc(C(C)(C)C)n4)CC3)cn12,CHEMBL3323114,6.55129368
CN(C)Cc1nc(-c2ccc(C(C)(C)C)cc2)n(-c2cccc(O)c2)n1,CHEMBL595449,5
CN(C)[C@@H]1CC[C@H](c2c[nH]c3ccc(C#N)cc23)C1,CHEMBL1275709,4.522878745
CN(C)[C@H]1CC[C@@H](c2c[nH]c3ccc(F)cc23)C1,CHEMBL1275791,4.522878745
CN(C)c1ccc(C(=C2C=CC(=[N+](C)C)C=C2)c2ccc(N(C)C)cc2)cc1.[Cl-],CHEMBL64894,5.497846107
CN(C)c1cccc(C2CCN(CCNC(=O)C3CCOCC3)CC2)n1,CHEMBL5771610,5
CN(C/C=C/c1ccccc1)C1CCN(Cc2ccccc2)CC1.O=C(O)/C=C/C(=O)O,CHEMBL112413,5
CN(CC#Cc1ccccc1)C1CCN(Cc2ccccc2)CC1.O=C(O)/C=C/C(=O)O,CHEMBL112957,5.387216143
CN(CC(=O)NC(C)(C)C)C(=O)CCCN1CCN(c2cccc(Cl)c2Cl)CC1,CHEMBL5274482,5.809999052
CN(CC(=O)NC1CCCCC1)C(=O)CCCN1CCN(c2cccc(Cl)c2Cl)CC1,CHEMBL5268231,8.540004744
CN(CC(=O)NCc1ccccc1)C(=O)CCCN1CCN(c2cccc(Cl)c2Cl)CC1,CHEMBL5278239,8.339988779
CN(CCCCN(C[C@H]1Cc2ncccc2CN1)[C@H]1CCCc2cccnc21)C1CCC(F)(F)CC1,CHEMBL5093818,4.522878745
CN(CCCCN(C[C@H]1Cc2ncccc2CN1)[C@H]1CCCc2cccnc21)C1CCOCC1,CHEMBL5077132,4.522878745
CN(CCCCOc1ccc2c(c1)NC(=O)CC2)[C@@H]1Cc2cccc3[nH]c(=O)n(c23)C1,CHEMBL4096422,5.301029996
CN(CCOCCCNC[C@H](O)c1ccc(O)c2[nH]c(=O)sc12)CCc1ccccc1,CHEMBL1807874,5.599999383
CN1C(=O)CCc2ccc(CCN3CCN(c4cccc5sccc45)CC3)cc21,CHEMBL5808279,7.53313238
CN1C(=O)COc2ccc(CCN3CCN(c4cccc5sccc45)CC3)cc21,CHEMBL6001202,7.57024772
CN1C2CCC1CC(NC(=O)c1cnn3ccccc13)C2,CHEMBL355149,5
CN1C2CCC1CC(OC(=O)c1cnn3ccccc13)C2,CHEMBL350972,5
CN1CC(=O)N(CCCCN2CCN(c3cccc4sccc34)CC2)c2ccccc2C1=O,CHEMBL4777098,6.909988976
CN1CCC(=C2c3ccccc3C=Cc3ccccc32)CC1,CHEMBL516,6.785156152
CN1CCCC[C@@H]1CCN1c2ccccc2Sc2ccc([S+](C)[O-])cc21,CHEMBL611207,7.15490196
CN1CCCC[C@H]1CCN1c2ccccc2Sc2ccc([S+](C)[O-])cc21,CHEMBL608530,5.997833938
CN1CCC[C@@H]1CCO[C@](C)(c1ccccc1)c1ccc(Cl)cc1,CHEMBL1626,6.866461092
CN1CCN(C(=O)CCCN2CCN(c3cccc(Cl)c3Cl)CC2)C(C(=O)NC(C)(C)C)C1,CHEMBL5278254,5.829999527
CN1CCN(C(=O)CCCN2CCN(c3cccc(Cl)c3Cl)CC2)C(C(=O)NC2CCCCC2)C1,CHEMBL5270832,8.779891912
CN1CCN(C(=O)CCCN2CCN(c3cccc(Cl)c3Cl)CC2)C(C(=O)NCc2ccccc2)C1,CHEMBL5273430,8.960189446
CN1CCN(C2=Nc3cc(Cl)ccc3N(C(=O)CCCCCCC(=O)N3c4ccc(Cl)cc4N=C(N4CCN(C)CC4)c4ccccc43)c3ccccc32)CC1,CHEMBL2016608,5.653619638
CN1CCN(C2=Nc3cc(Cl)ccc3N(C(=O)CCCCCCCCC(=O)N3c4ccc(Cl)cc4N=C(N4CCN(C)CC4)c4ccccc43)c3ccccc32)CC1,CHEMBL2016609,5
CN1CCN(C2=Nc3cc(Cl)ccc3N(C(=O)CCCCCCCCCCC(=O)N3c4ccc(Cl)cc4N=C(N4CCN(C)CC4)c4ccccc43)c3ccccc32)CC1,CHEMBL2016610,5
CN1CCN(C2=Nc3cc(Cl)ccc3N(C(=O)CCCCCCCCCCCCC(=O)N3c4ccc(Cl)cc4N=C(N4CCN(C)CC4)c4ccccc43)c3ccccc32)CC1,CHEMBL2016611,5
CN1CCN(C2=Nc3cc(Cl)ccc3N(C(=O)CCCCCCCCCCCCCCCCC(=O)N3c4ccc(Cl)cc4N=C(N4CCN(C)CC4)c4ccccc43)c3ccccc32)CC1,CHEMBL2016612,5
CN1CCN(C2=Nc3cc(Cl)ccc3N(C(=O)CCCCCCCCCCCCCCCCCCC(=O)N3c4ccc(Cl)cc4N=C(N4CCN(C)CC4)c4ccccc43)c3ccccc32)CC1,CHEMBL2016613,5
CN1CCN(C2=Nc3cc(Cl)ccc3N(NC(=O)CCC(=O)N3CCN(C(=O)CCC(=O)NN4c5ccc(Cl)cc5N=C(N5CCN(C)CC5)c5ccccc54)CC3)c3ccccc32)CC1,CHEMBL2016622,5.790644524
CN1CCN(C2=Nc3cc(Cl)ccc3N(NC(=O)CCC(=O)OCCOC(=O)CCC(=O)NN3c4ccc(Cl)cc4N=C(N4CCN(C)CC4)c4ccccc43)c3ccccc32)CC1,CHEMBL2016624,5.618809985
CN1CCN(C2=Nc3cc(Cl)ccc3N(NC(=O)CCCC(=O)N3CCN(C(=O)CCCC(=O)N4CCN(C(=O)CCCC(=O)NN5c6ccc(Cl)cc6N=C(N6CCN(C)CC6)c6ccccc65)CC4)CC3)c3ccccc32)CC1,CHEMBL2016623,5.579774346
CN1CCN(C2=Nc3cc(Cl)ccc3N(NC(=O)CCCCC(=O)NN3c4ccc(Cl)cc4N=C(N4CCN(C)CC4)c4ccccc43)c3ccccc32)CC1,CHEMBL2016615,5.686160187
CN1CCN(C2=Nc3cc(Cl)ccc3N(NC(=O)CCCCCCC(=O)NN3c4ccc(Cl)cc4N=C(N4CCN(C)CC4)c4ccccc43)c3ccccc32)CC1,CHEMBL2016616,5.61130303
CN1CCN(C2=Nc3cc(Cl)ccc3N(NC(=O)CCCCCCCCC(=O)NN3c4ccc(Cl)cc4N=C(N4CCN(C)CC4)c4ccccc43)c3ccccc32)CC1,CHEMBL2016617,5
CN1CCN(C2=Nc3cc(Cl)ccc3N(NC(=O)CCCCCCCCCCC(=O)NN3c4ccc(Cl)cc4N=C(N4CCN(C)CC4)c4ccccc43)c3ccccc32)CC1,CHEMBL2016618,5
CN1CCN(C2=Nc3cc(Cl)ccc3N(NC(=O)CCCCCCCCCCCCC(=O)NN3c4ccc(Cl)cc4N=C(N4CCN(C)CC4)c4ccccc43)c3ccccc32)CC1,CHEMBL2016619,5
CN1CCN(C2=Nc3cc(Cl)ccc3N(NC(=O)CCCCCCCCCCCCCCCCC(=O)NN3c4ccc(Cl)cc4N=C(N4CCN(C)CC4)c4ccccc43)c3ccccc32)CC1,CHEMBL2016620,5
CN1CCN(C2=Nc3cc(Cl)ccc3N(NC(=O)CCCCCCCCCCCCCCCCCCC(=O)NN3c4ccc(Cl)cc4N=C(N4CCN(C)CC4)c4ccccc43)c3ccccc32)CC1,CHEMBL2016621,5
CN1CCN(C2=Nc3cc(Cl)ccc3Nc3ccc(OS(=O)(=O)C(F)(F)F)cc32)CC1,CHEMBL70319,7.522878745
CN1CCN(C2=Nc3cc(Cl)ccc3Nc3ccccc32)CC1,CHEMBL42,5.941225996
CN1CCN(C2=Nc3ccccc3Nc3ccc(Cl)cc32)CC1,CHEMBL415300,7.468521083
CN1CCN(C2=Nc3ccccc3Nc3ccc(OS(=O)(=O)C(F)(F)F)cc32)CC1,CHEMBL72292,6.853871964
CN1CCN(C2=Nc3ccccc3Oc3ccc(Cl)cc32)CC1,CHEMBL831,7.26760624
CN1CCN(C2=Nc3ccccc3Oc3ccc(OS(=O)(=O)C(F)(F)F)cc32)CC1,CHEMBL430798,7.283996656
CN1CCN(C2=Nc3ccccc3Oc3ccc(OS(C)(=O)=O)cc32)CC1,CHEMBL306474,6
CN1CCN(C2=Nc3ccccc3Sc3ccc(OS(=O)(=O)C(F)(F)F)cc32)CC1,CHEMBL73589,7.638272164
CN1CCN(C2=c3ccccc3=Nc3ccc(Cl)cc3N2)CC1,CHEMBL253391,5.305394801
CN1CCN(CCCCCN2c3cc(Cl)ccc3Sc3cccnc32)CC1.Cl.Cl,CHEMBL5595359,5.555018888
CN1CCN(CCCN2c3ccccc3Sc3ccc(Cl)cc32)CC1,CHEMBL728,7.958607315
CN1CCN(c2ccc3c(c2)N(S(=O)(=O)c2ccc4ccccc4c2)CCC3=O)CC1,CHEMBL1642116,5
CN1CCN(c2cccc(N(C)S(=O)(=O)c3ccc4ccccc4c3)c2)CC1,CHEMBL1222362,5
CN1CCN(c2cccc(N(CC3CC3)S(=O)(=O)c3ccc4ccccc4c3)c2)CC1,CHEMBL1221449,5
CN1CCN(c2cccc(N(Cc3ccccc3)S(=O)(=O)c3ccc4ccccc4c3)c2)CC1,CHEMBL1221452,5
CN1CCN(c2cccc(NS(=O)(=O)c3ccc4ccccc4c3)c2)CC1,CHEMBL1221497,5
CN1CCN(c2cccc3c2C(=O)CCN3S(=O)(=O)c2ccc3ccccc3c2)CC1,CHEMBL1642117,5
CN1CCN2c3c(cccc31)[C@@H]1CN(CCCC(=O)c3ccc(F)cc3)CC[C@@H]12,CHEMBL3306803,8.437707136
CN1CCN2c3ccccc3Cc3ccccc3C2C1,CHEMBL6437,5.149999868
CN1CCc2cc(Cl)c(O)cc2[C@@H](c2ccccc2)C1,CHEMBL62,5.982757915
CN1CCc2cc(Cl)c(O)cc2[C@@H](c2ccccc2)C1.O=C(O)/C=C\C(=O)O,CHEMBL1814790,7.588380294
CN1CCc2cc3c(c4c2[C@H]1Cc1ccccc1-4)OCO3,CHEMBL483825,4.725842151
CN1CCc2cc3nc(N)sc3cc2CC1,CHEMBL2326488,5.853871964
CN1CCc2ccc(OCCCN3CCC(c4noc5cc(F)ccc45)CC3)cc2C1=O,CHEMBL4764679,8.200659451
CN1CCc2cccc3c2[C@H]1Cc1ccc(O)c(O)c1-3,CHEMBL53,7.217527376
CN1CCc2cccc3c2[C@H]1Cc1ccc(OCCCNC(=O)CCC(=O)NCCCOc2ccc4c(c2O)-c2cccc5c2[C@@H](C4)N(C)CC5)c(O)c1-3,CHEMBL3134064,5.360513511
CN1CCc2cccc3c2[C@H]1Cc1ccc(OCCCNC(=O)CCCCC(=O)NCCCOc2ccc4c(c2O)-c2cccc5c2[C@@H](C4)N(C)CC5)c(O)c1-3,CHEMBL3134065,5.274088368
CN1CCc2cccc3c2[C@H]1Cc1ccc(OCCCNC(=O)CCCCCCC(=O)NCCCOc2ccc4c(c2O)-c2cccc5c2[C@@H](C4)N(C)CC5)c(O)c1-3,CHEMBL3134066,5.443697499
CN1CCc2cccc3c2[C@H]1Cc1ccc(OCCCNC(=O)CCCCCCCCC(=O)NCCCOc2ccc4c(c2O)-c2cccc5c2[C@@H](C4)N(C)CC5)c(O)c1-3,CHEMBL3134067,5.869666232
CN1CCc2cccc3c2[C@H]1Cc1ccc(OCCCNC(=O)CCCCCCCCCCC(=O)NCCCOc2ccc4c(c2O)-c2cccc5c2[C@@H](C4)N(C)CC5)c(O)c1-3,CHEMBL3134068,6.73754891
CN1CCc2cccc3c2[C@H]1Cc1ccc(OCCCNC(=O)CCCCCCCCCCCCCCCCC(=O)NCCCOc2ccc4c(c2O)-c2cccc5c2[C@@H](C4)N(C)CC5)c(O)c1-3,CHEMBL3134070,5.571865206
CN1CCc2cccc3c2[C@H]1Cc1ccc(OCCCNC(=O)CCCCCCCCCCCCCCCCCCC(=O)NCCCOc2ccc4c(c2O)-c2cccc5c2[C@@H](C4)N(C)CC5)c(O)c1-3,CHEMBL3134071,5.809668302
CN1CCc2cccc3c2[C@H]1Cc1ccc(OCCCNC(=O)CCCCCNC(=O)OC(C)(C)C)c(O)c1-3,CHEMBL3134063,5.184422252
CN1C[C@H](C(=O)N[C@]2(C)O[C@@]3(O)[C@@H]4CCCN4C(=O)[C@H](Cc4ccccc4)N3C2=O)C=C2c3cccc4[nH]cc(c34)C[C@H]21,CHEMBL442,8.366531544
CN1C[C@H](C(=O)N[C@]2(C)O[C@@]3(O)[C@@H]4CCCN4C(=O)[C@H](Cc4ccccc4)N3C2=O)C[C@@H]2c3cccc4[nH]cc(c34)C[C@H]21,CHEMBL1732,8.051587034
CN1C[C@H](CNC(=O)OCc2ccccc2)C[C@@H]2c3cccc4c3c(cn4C)C[C@H]21,CHEMBL19215,7.200659451
CNC(=O)CN1CN(c2ccccc2)C2(CCN(Cc3cc4c(cc3Cl)OCO4)CC2)C1=O,CHEMBL115222,5.673664139
CNC(=O)c1cc(C(=O)NC2CC2)cn(Cc2ccccc2)c1=O,CHEMBL4635134,4
CNC(=O)c1cc(C)cc(OCCCCN2CCN(c3cccc(Cl)c3Cl)CC2)c1,CHEMBL3806047,7.046723663
CNC(=O)c1cc(F)cc(OCCCCN2CCN(c3cccc(Cl)c3Cl)CC2)c1,CHEMBL3805262,5.801342913
CNC(=O)c1cc(OCCCCN2CCC(c3noc4cc(F)ccc34)CC2)ccc1F,CHEMBL3805518,7.638272164
CNC(=O)c1cc(OCCCCN2CCC(c3noc4cc(F)ccc34)CC2)ccn1,CHEMBL4210030,7.223298816
CNC(=O)c1cc(OCCCCN2CCN(c3cccc(Cl)c3Cl)CC2)cc(C(C)=O)c1,CHEMBL3805434,7.42365865
CNC(=O)c1cc(OCCCCN2CCN(c3cccc(Cl)c3Cl)CC2)ccc1C,CHEMBL3805120,8.008773924
CNC(=O)c1cc(OCCCCN2CCN(c3cccc(Cl)c3Cl)CC2)ccc1Cl,CHEMBL3806224,7.457174573
CNC(=O)c1cc(OCCCCN2CCN(c3cccc(Cl)c3Cl)CC2)ccc1F,CHEMBL3805884,7.404503778
CNC(=O)c1cc(OCCCCN2CCN(c3cccc(Cl)c3Cl)CC2)ccn1,CHEMBL4214528,7.576754126
CNC(=O)c1cc(OCCCCN2CCN(c3cccc4c3OC(F)(F)O4)CC2)ccc1F,CHEMBL3804965,7.522878745
CNC(=O)c1cc(OCCCCN2CCN(c3cccc4sc(F)cc34)CC2)ccn1,CHEMBL4217182,8.096910013
CNC(=O)c1cc(OCCCCN2CCN(c3cccc4sccc34)CC2)ccc1F,CHEMBL3805649,7.366531544
CNC(=O)c1cc(OCCCCN2CCN(c3cccc4sccc34)CC2)ccn1,CHEMBL4209188,7.619788758
CNC(=O)c1cc(OCCCCN2CCN(c3nsc4ccccc34)CC2)ccc1F,CHEMBL3805099,7.920818754
CNC(=O)c1cc(OCCCCN2CCN(c3nsc4ccccc34)CC2)ccn1,CHEMBL4213342,7.943095149
CNC(=O)c1ccc(Cl)c(OCCCCN2CCN(c3cccc(Cl)c3Cl)CC2)c1,CHEMBL3805327,7.232844134
CNC(=O)c1ccc(OC)c(OCCCCN2CCN(c3cccc(Cl)c3Cl)CC2)c1,CHEMBL3804943,7.920818754
CNC(=O)c1ccc(OCCCCN2CCN(c3cccc(Cl)c3Cl)CC2)cc1,CHEMBL3805376,7.15490196
CNC(=O)c1cccc(OCCCCN2CCC(c3noc4cc(F)ccc34)CC2)c1,CHEMBL3805559,8.070581074
CNC(=O)c1cccc(OCCCCN2CCC(c3noc4cc(F)ccc34)CC2)n1,CHEMBL4205772,8.031517051
CNC(=O)c1cccc(OCCCCN2CCN(c3ccc4ccsc4c3)CC2)n1,CHEMBL4211473,6.385102784
CNC(=O)c1cccc(OCCCCN2CCN(c3cccc(Cl)c3Cl)CC2)c1,CHEMBL3805077,7.494850022
CNC(=O)c1cccc(OCCCCN2CCN(c3cccc(Cl)c3Cl)CC2)c1C,CHEMBL3806091,5.443697499
CNC(=O)c1cccc(OCCCCN2CCN(c3cccc(Cl)c3Cl)CC2)c1F,CHEMBL3805046,6.76700389
CNC(=O)c1cccc(OCCCCN2CCN(c3cccc(Cl)c3Cl)CC2)c1OC,CHEMBL3805515,6.694648631
CNC(=O)c1cccc(OCCCCN2CCN(c3cccc(Cl)c3Cl)CC2)n1,CHEMBL4207328,7.2915791
CNC(=O)c1cccc(OCCCCN2CCN(c3cccc4c3OC(F)(F)O4)CC2)c1,CHEMBL3805165,8.387216143
CNC(=O)c1cccc(OCCCCN2CCN(c3cccc4sccc34)CC2)c1,CHEMBL3805704,7.040958608
CNC(=O)c1cccc(OCCCCN2CCN(c3cccc4sccc34)CC2)n1,CHEMBL4202443,7.064996849
CNC(=O)c1cccc(OCCCCN2CCN(c3nsc4cc(F)ccc34)CC2)n1,CHEMBL4214642,7.943095149
CNC(=O)c1cccc(OCCCCN2CCN(c3nsc4ccccc34)CC2)c1,CHEMBL3805860,8
CNC(=O)c1ccccc1OCCCCN1CCN(c2cccc(Cl)c2Cl)CC1,CHEMBL3804954,6.777283529
CNC(=O)c1ccnc(OCCCCN2CCC(c3noc4cc(F)ccc34)CC2)c1,CHEMBL4204832,6.524328812
CNC(=O)c1ccnc(OCCCCN2CCN(c3nsc4cc(F)ccc34)CC2)c1,CHEMBL4215048,7.050122296
CNC(=O)c1cncc(OCCCCN2CCC(c3noc4cc(F)ccc34)CC2)c1,CHEMBL4213586,6.910094889
CNC(=O)c1cncc(OCCCCN2CCN(c3nsc4cc(F)ccc34)CC2)c1,CHEMBL4205326,7.070581074
CNCC1CC2c3ccccc3Cc3ccccc3N2O1,CHEMBL81485,5.770000934
CNCCCC12CCC(c3ccccc31)c1ccccc12,CHEMBL21731,5.460547508
CNC[C@@H]1OCCc2ccsc21,CHEMBL4650337,4.619788758
CN[C@@H]1Cc2cccc3c2n(c(=O)n3CCCCCCCCCCCCOc2ccc3c(c2)NC(=O)CC3)C1,CHEMBL4100734,5.301029996
CN[C@@H]1Cc2cccc3c2n(c(=O)n3CCCCCCCCCCOCCCCc2ccccc2)C1,CHEMBL4076129,5.41767523
CN[C@@H]1Cc2cccc3c2n(c(=O)n3CCCCCCCCOCCCCc2ccccc2)C1,CHEMBL4097572,5.301029996
CN[C@@H]1Cc2cccc3c2n(c(=O)n3CCCCOc2ccc3c(c2)NC(=O)CC3)C1,CHEMBL4077430,5.320981151
CN[C@@H]1Cc2cccc3c2n(c(=O)n3CCOCCOCCCCc2ccccc2)C1,CHEMBL4100322,5.301029996
CN[C@@H]1Cc2cccc3c2n(c(=O)n3CCOCCOCCOCCCCc2ccccc2)C1,CHEMBL4085282,5.301029996
CN[C@@H]1Cc2cccc3c2n(c(=O)n3CCOCCOCCOCCOc2ccc3c(c2)NC(=O)CC3)C1,CHEMBL4095452,5.301029996
CNc1cc[n+](CCNC(=O)c2ccn3c(-c4c(C)noc4C)cnc3c2)cc1.[Cl-],CHEMBL5410211,5.853871964
CNc1cccc(C2CCN(CCNC(=O)C3CCOCC3)CC2)n1,CHEMBL6047196,5
CO/N=C(/CCCN1CCN(c2ccccn2)CC1)c1ccc(F)cc1,CHEMBL209645,5
CO/N=C(/CCN1CCC(c2cccc[n+]2[O-])CC1)c1ccc(Cl)cc1,CHEMBL379546,5
CO/N=C(/CCN1CCC(c2ccccn2)CC1)c1ccc(Cl)cc1,CHEMBL437532,5
CO/N=C(/CCN1CCN(c2ccccc2OC(C)C)CC1)c1ccc(F)cc1,CHEMBL2113244,5
CO/N=C(/CCN1CCN(c2ccccn2)CC1)c1cc(C)cc(C)c1,CHEMBL212393,5
CO/N=C(/CCN1CCN(c2ccccn2)CC1)c1cc(F)cc(F)c1,CHEMBL215705,5
CO/N=C(/CCN1CCN(c2ccccn2)CC1)c1ccc(Br)cc1,CHEMBL212872,5
CO/N=C(/CCN1CCN(c2ccccn2)CC1)c1ccc(C)c(C)c1,CHEMBL215678,5
CO/N=C(/CCN1CCN(c2ccccn2)CC1)c1ccc(Cl)c(C)c1,CHEMBL215450,5
CO/N=C(/CCN1CCN(c2ccccn2)CC1)c1ccc(Cl)c(Cl)c1,CHEMBL213558,5
CO/N=C(/CCN1CCN(c2ccccn2)CC1)c1ccc(Cl)cc1,CHEMBL212236,5
CO/N=C(/CCN1CCN(c2ccccn2)CC1)c1ccc(Cl)cc1Cl,CHEMBL211829,5
CO/N=C(/CCN1CCN(c2ccccn2)CC1)c1ccc(F)c(Cl)c1,CHEMBL211902,5
CO/N=C(/CCN1CCN(c2ccccn2)CC1)c1ccc(F)cc1,CHEMBL427048,5
CO/N=C(/CCN1CCN(c2ccccn2)CC1)c1cccc(C#N)c1,CHEMBL211836,5
CO/N=C(/CCN1CCN(c2ccccn2)CC1)c1cccc(C)c1,CHEMBL212903,5
CO/N=C(/CCN1CCN(c2ccccn2)CC1)c1cccc(Cl)c1,CHEMBL211930,5
CO/N=C(/CCN1CCN(c2ccccn2)CC1)c1cccc(F)c1,CHEMBL213164,5
CO/N=C(/CCN1CCN(c2ccccn2)CC1)c1ccccc1,CHEMBL385826,5
CO/N=C(/CCN1CCN(c2ccccn2)CC1)c1ccccc1C,CHEMBL213486,5
CO/N=C(/CCN1CCN(c2ccccn2)CC1)c1ccccc1Cl,CHEMBL212290,5
CO/N=C(/CCN1CCN(c2ccccn2)CC1)c1cccnc1,CHEMBL212291,5
CO/N=C(/CCN1CCN(c2ccccn2)CC1C)c1ccc(Cl)cc1,CHEMBL214197,5
CO/N=C(/CN1CCN(c2ccccn2)CC1)c1ccc(F)cc1,CHEMBL212595,5
CO/N=C(/c1ccc(Cl)cc1)C(C)CN1CCN(c2ccccn2)CC1,CHEMBL213004,5
CO/N=C(/c1ccc(Cl)cc1)C(CN1CCN(c2ccccn2)CC1)OC,CHEMBL212490,5
CO/N=C(/c1ccc(Cl)cc1)C(CNOC)CN1CCN(c2ccccn2)CC1,CHEMBL212288,5
CO/N=C(/c1ccc(Cl)cc1)C(COC(C)C)CN1CCN(c2ccccn2)CC1,CHEMBL211360,5
CO/N=C(/c1ccc(Cl)cc1)C(O)CN1CCN(c2ccccn2)CC1,CHEMBL441529,5
CO/N=C(/c1cccnc1)C(O)CN1CCN(c2ccccn2)CC1,CHEMBL378302,5
CO/N=C(\CCCN1CCN(c2ccccn2)CC1)c1ccc(F)cc1,CHEMBL213828,5
CO/N=C(\CCN1CCC(c2cccc[n+]2[O-])CC1)c1ccc(Cl)cc1,CHEMBL213097,5
CO/N=C(\CCN1CCC(c2ccccn2)CC1)c1ccc(Cl)cc1,CHEMBL210101,5
CO/N=C(\CCN1CCCC(c2ccccn2)C1)c1ccc(Cl)cc1,CHEMBL211831,5
CO/N=C(\CCN1CCN(c2ccccc2OC(C)C)CC1)c1ccc(F)cc1,CHEMBL2113243,5
CO/N=C(\CCN1CCN(c2ccccn2)CC1)c1cc(C)cc(C)c1,CHEMBL377794,5
CO/N=C(\CCN1CCN(c2ccccn2)CC1)c1cc(F)cc(F)c1,CHEMBL211732,5
CO/N=C(\CCN1CCN(c2ccccn2)CC1)c1ccc(Br)cc1,CHEMBL377585,5
CO/N=C(\CCN1CCN(c2ccccn2)CC1)c1ccc(C)c(C)c1,CHEMBL212444,5
CO/N=C(\CCN1CCN(c2ccccn2)CC1)c1ccc(Cl)c(C)c1,CHEMBL215569,5
CO/N=C(\CCN1CCN(c2ccccn2)CC1)c1ccc(Cl)c(Cl)c1,CHEMBL378324,5
CO/N=C(\CCN1CCN(c2ccccn2)CC1)c1ccc(Cl)cc1,CHEMBL212235,5
CO/N=C(\CCN1CCN(c2ccccn2)CC1)c1ccc(Cl)cc1Cl,CHEMBL209759,5
CO/N=C(\CCN1CCN(c2ccccn2)CC1)c1ccc(F)c(Cl)c1,CHEMBL378576,5
CO/N=C(\CCN1CCN(c2ccccn2)CC1)c1ccc(F)cc1,CHEMBL212969,5
CO/N=C(\CCN1CCN(c2ccccn2)CC1)c1cccc(C#N)c1,CHEMBL437493,5
CO/N=C(\CCN1CCN(c2ccccn2)CC1)c1cccc(C)c1,CHEMBL212861,5
CO/N=C(\CCN1CCN(c2ccccn2)CC1)c1cccc(Cl)c1,CHEMBL212784,5
CO/N=C(\CCN1CCN(c2ccccn2)CC1)c1cccc(F)c1,CHEMBL426510,5
CO/N=C(\CCN1CCN(c2ccccn2)CC1)c1ccccc1,CHEMBL377050,5
CO/N=C(\CCN1CCN(c2ccccn2)CC1)c1ccccc1C,CHEMBL437687,5
CO/N=C(\CCN1CCN(c2ccccn2)CC1)c1ccccc1Cl,CHEMBL212073,5
CO/N=C(\CCN1CCN(c2ccccn2)CC1C)c1ccc(Cl)cc1,CHEMBL212292,5
CO/N=C(\CN1CCN(c2ccccn2)CC1)c1ccc(F)cc1,CHEMBL212891,5
CO/N=C(\c1ccc(Cl)cc1)C(CN1CCN(c2ccccn2)CC1)OC,CHEMBL213208,5
CO/N=C(\c1ccc(Cl)cc1)C(O)CN1CCN(c2ccccn2)CC1,CHEMBL214247,5
COC(=O)CN(CC(=O)NCCOCCOCCNC(=O)CCC(=O)Nc1ccc(CCN2CN(c3ccccc3)C3(CCN(CCCC(=O)c4ccc(F)cc4)CC3)C2=O)cc1)CC(=O)NCCOCCOCCNC(=O)CCC(=O)Nc1ccc(CCN2CN(c3ccccc3)C3(CCN(CCCC(=O)c4ccc(F)cc4)CC3)C2=O)cc1,CHEMBL4515776,7.823908741
COC(=O)CN(CC(=O)NCCOCCOCCNC(C)=O)CC(=O)NCCOCCOCCNC(=O)CCC(=O)Nc1ccc(CCN2CN(c3ccccc3)C3(CCN(CCCC(=O)c4ccc(F)cc4)CC3)C2=O)cc1,CHEMBL4542935,6.552841969
COC(=O)[C@@H]1[C@H]2C[C@H]3c4[nH]c5ccccc5c4CCN3C[C@@H]2CC[C@@H]1O,CHEMBL15245,5.68613278
COC(CN1CCN(c2cccc3sccc23)CC1)c1cccc2c1OCC(=O)N2,CHEMBL5866977,7.181774106
COC(CN1CCN(c2ccccn2)CC1)/C(=N/O)c1cccc(C)c1,CHEMBL211623,5
COC(CN1CCN(c2ccccn2)CC1)/C(=N\O)c1cccc(C)c1,CHEMBL212028,5
COCC(C)(C)C(=O)NCCN1CC=C(c2cccc(C(F)(F)F)n2)CC1,CHEMBL5817080,5.655804284
COCC(C)(C)C(=O)NCCN1CC=C(c2cccc(C)n2)CC1,CHEMBL5878087,5
COCC(C)(C)C(=O)NCCN1CCC(c2cccc(C(F)(F)F)n2)CC1,CHEMBL5766304,5
COCC(C)(C)C(=O)NCCN1CCC(c2cccc(C)n2)CC1,CHEMBL5909593,5
COCC1(C(=O)NCCN2CCC(c3cccc(C(F)(F)F)n3)CC2)CC1,CHEMBL6033750,5
COCCN(CCOC)c1nc(C)nc2c(-c3cc(C)c(OC)cc3C)c(C)nn12,CHEMBL483993,6
COCCN(CCOC)c1nc(C)nc2c(-c3ccc(OC)cc3C)c(C)nn12,CHEMBL475306,6
COCCNCc1ccc(CCNC[C@H](O)c2ccc(O)c3[nH]c(=O)sc23)cc1,CHEMBL1945293,5
COCCNCc1cccc(CCNC[C@H](O)c2ccc(O)c3[nH]c(=O)sc23)c1,CHEMBL1945292,6.099999035
COCc1nc2cnc3cc(-c4c(C)noc4C)c(OC[C@H]4CCNC4)cc3c2n1[C@H](C)c1ccccc1,CHEMBL4639128,5.499999679
CO[C@@H]1[C@@H](OC)[C@H](C)[C@@](O)(CC(=O)O)O[C@H]1[C@H](C)[C@H]1O[C@@]2(CC[C@@](C)([C@H]3CC[C@@](C)([C@@H]4O[C@@H]([C@H]5O[C@](C)(O)[C@H](C)C[C@@H]5C)C[C@@H]4O[C@@H]4C[C@H](OC)[C@@H](OC)[C@H](C)O4)O3)O2)C[C@H](O)[C@H]1C,CHEMBL1909065,6.153662888
CO[C@H]1CC[C@H](C(=O)NCCN2CCC(c3cccc(C(F)(F)F)n3)CC2)CC1,CHEMBL6001722,5
CO[C@H]1CC[C@H](C(=O)NCCN2CCC(c3cccc(C)n3)CC2)CC1,CHEMBL5888905,5
COc1c(Cl)cccc1N1CCN(CCCCNC(=O)c2cnc3ccccc3c2)CC1,CHEMBL3597637,7.200659451
COc1c(O)cc2c3c1-c1ccccc1CC3N(C)CC2,CHEMBL4061197,5.943095149
COc1c(O)cc2c3c1-c1ccccc1CC3NCC2,CHEMBL4069337,5.241845378
COc1c(O)cc2c3c1-c1ccccc1C[C@H]3N(C)CC2,CHEMBL2316499,5.943095149
COc1c(O)cc2c3c1-c1ccccc1C[C@H]3NCC2,CHEMBL469423,5.241845378
COc1c(O)ccc2c1CN1CCc3cc4c(cc3[C@@H]1C2)OCO4,CHEMBL1457510,6
COc1cc(/C=C/C(=O)Oc2c(OC)ccc3c2CN2CCc4cc5c(cc4C2C3)OCO5)ccc1OC(C)=O,CHEMBL2314740,5.099086932
COc1cc(C(=O)NS(=O)(=O)c2ccccc2C)ccc1Cc1cn(C)c2ccc(NC(=O)OC3CCCC3)cc12,CHEMBL603,5
COc1cc(C(C)=O)ccc1OCCCN1CCC(c2noc3cc(F)ccc23)CC1,CHEMBL14376,6.958607315
COc1cc(N)c(Cl)cc1C(=O)NC1C2CC3CN(C2)CC31.Cl,CHEMBL558226,5
COc1cc(N)c(Cl)cc1C(=O)NC1CCN(CCCOc2ccc(F)cc2)CC1OC,CHEMBL1729,6.455931956
COc1cc(N)c(Cl)cc1C(=O)NCC12CC3CN(CC3C1)C2,CHEMBL67555,5
COc1cc(N)c(Cl)cc1C(=O)NC[C@@H]1CCN2CCC[C@@H]12,CHEMBL34291,5
COc1cc(N)c(Cl)cc1C(=O)NC[C@H]1CCN2CCC[C@H]12,CHEMBL37333,5.408935393
COc1cc(N)c(Cl)cc1C(=O)N[C@@H]1C2CC3CN(C2)CC31,CHEMBL2448165,5
COc1cc(N)c(Cl)cc1C(=O)OC[C@@H]1CCN2CCC[C@@H]12,CHEMBL201621,5
COc1cc(NC(=O)c2ccc(-c3ccc(Cl)cc3)o2)cc(OC)c1,CHEMBL250699,5
COc1cc2c(N3CCN(CCc4ccc5c(c4)CCC(=O)N5)CC3)cccc2s1,CHEMBL5770003,8.093664958
COc1cc2c(c(OC)c1O)CC1c3cc4c(cc3CCN1C2)OCO4,CHEMBL4544045,5.966576245
COc1cc2c(cc1-c1c(C)noc1C)ncc1[nH]c(=O)n([C@H](C)c3ccccn3)c12,CHEMBL2017291,4
COc1cc2c(cc1O)C1Cc3cc(OC)c(OC)cc3CN1CC2,CHEMBL4528264,5.446116973
COc1cc2c(cc1O)CC1c3cc(OC)c(OC)cc3CCN1C2,CHEMBL4521450,5.586700236
COc1cc2c(cc1O)CC1c3cc4c(cc3CCN1C2)OCO4,CHEMBL4551037,5.306273051
COc1cc2c(cc1O)C[C@@H]1c3c(ccc(O)c3O2)CCN1C,CHEMBL5567009,6.657577319
COc1cc2c(cc1O)C[C@H]1c3c(cc(O)c(OC)c3-2)CCN1C,CHEMBL388342,6.283996656
COc1cc2c(cc1O)Oc1c(O)ccc3c1[C@H](C2)N(C)CC3,CHEMBL452776,7.522878745
COc1cc2c(cc1O)[C@@H]1Cc3c(CO)c(OC)cc(OC)c3CN1CC2,CHEMBL2057456,6.288648387
COc1cc2c(cc1O)[C@@H]1Cc3cc(C)cc(C)c3CN1CC2,CHEMBL2057457,6.340911363
COc1cc2c(cc1O)[C@@H]1Cc3cc4c(cc3CN1CC2)OCO4,CHEMBL2334893,7.040433953
COc1cc2c(cc1O)[C@@H]1Cc3ccc(O)c(OC)c3CN1CC2,CHEMBL487387,5.649227849
COc1cc2c(cc1O)[C@@H]1Cc3sc(CC(C)C)cc3CN1CC2,CHEMBL3344459,6.795880017
COc1cc2c(cc1O)[C@H]1C[C@@](O)(c3ccc(OC(F)(F)F)cc3)CCN1CC2,CHEMBL2335736,8.22184875
COc1cc2c(cc1O)[C@H]1C[C@](O)(c3ccc(Cl)cc3)CCN1CC2,CHEMBL2335741,6.420216403
COc1cc2c(cc1OC)-c1c(OC)c(OC)cc3c1[C@H](C2)N(C)CC3,CHEMBL228082,5.519993057
COc1cc2c(cc1OC)C1Cc3c(cc(O)c(OC)c3OC)CN1CC2,CHEMBL4453330,5.055024092
COc1cc2c(cc1OC)C1Cc3c(cc(OC)c(O)c3OC)CN1CC2,CHEMBL4585730,5.196542884
COc1cc2c(cc1OC)C1Cc3ccc(O)cc3CN1CC2,CHEMBL4561303,5.815308569
COc1cc2c(cc1OC)C1Cc3ccc(OC)c(O)c3CN1CC2,CHEMBL2314745,5.507239611
COc1cc2c(cc1OC)Oc1c(O)ccc3c1[C@@H](C2)N(C)CC3,CHEMBL5558995,6.494850022
COc1cc2c(cc1OC)[C@@H]1Cc3c(OC)ccc(OC)c3CN1CC2,CHEMBL3982119,5.762556805
COc1cc2c(cc1OC)[C@@H]1Cc3cc(C)cc(C)c3CN1CC2,CHEMBL2057451,5.937305227
COc1cc2c(cc1OC)[C@@H]1Cc3ccc(O)c(OC)c3CN1CC2,CHEMBL448891,4.727462223
COc1cc2c(cc1OC)[C@@H]1Cc3ccc(OC)c(OC)c3CN1CC2,CHEMBL487182,6.346787486
COc1cc2c3c(c1OC)-c1cc(O)ccc1C[C@H]3NCC2,CHEMBL5409644,5.283996656
COc1cc2c3c(c1OC)-c1ccccc1CC3N(C)CC2,CHEMBL2414990,4.828858849
COc1cc2c3c(c1OC)-c1ccccc1C[C@H]3N(C)CC2,CHEMBL464529,4.828858849
COc1cc2ncnc(Nc3cccc(Cl)c3F)c2cc1OC(=O)N1CCN(C)C[C@H]1C,CHEMBL3623290,6.098541679
COc1ccc(-c2cccc(CN3CCN(c4ncccn4)CC3)c2)cc1,CHEMBL292943,7.301029996
COc1ccc(C(=O)N2CCN(CCOc3cc(OC)cc(OC)c3)CC2)cc1,CHEMBL4444245,4.301029996
COc1ccc(C(=O)N2CCN(CCOc3ccc(Cl)cc3)CC2)cc1,CHEMBL3262809,5
COc1ccc(C(=O)N2CCN(CCOc3ccc(OC(F)(F)F)cc3)CC2)cc1,CHEMBL4519519,4.301029996
COc1ccc(C(=O)N2CCN(CCOc3ccc(OC)c(OC)c3)CC2)cc1,CHEMBL5889793,4
COc1ccc(C(=O)N2CCN(CCOc3ccc4c(c3)OCO4)CC2)cc1,CHEMBL4450129,5
COc1ccc(C(=O)N2CCN(CCOc3cccc(OC)c3)CC2)cc1,CHEMBL4552311,5.167491087
COc1ccc(C(=O)N2CCN(CCOc3ccccc3)CC2)cc1,CHEMBL3262808,4
COc1ccc(C(=O)N2CCN(CCOc3ccccc3OC)CC2)cc1,CHEMBL4449219,5.045757491
COc1ccc(C(=O)N2CCN(CCOc3cccnc3)CC2)c(C)c1,CHEMBL4514438,4
COc1ccc(C(=O)N2CCN(CCOc3cccnc3)CC2)cc1,CHEMBL4563661,4
COc1ccc(C(=O)N2CCN(c3ccc(OC)cc3)CC2)cc1,CHEMBL5946085,4
COc1ccc(C(=O)NC/C=C/CN2CCN(c3cccc(Cl)c3Cl)CC2)cc1,CHEMBL370713,7.209011525
COc1ccc(C2CC(=O)c3c(O)cc(OCCCCN4CCC(c5noc6cc(F)ccc56)CC4)cc3O2)cc1,CHEMBL5903522,7.289882635
COc1ccc(C2CC(=O)c3c(O)cc(OCCCCN4CCN(c5ccccc5OC)CC4)cc3O2)cc1,CHEMBL5830671,6.688246139
COc1ccc(C2CC(=O)c3c(O)cc(OCCCN4CCC(c5noc6cc(F)ccc56)CC4)cc3O2)cc1,CHEMBL5981173,6.935542011
COc1ccc(C2CC(=O)c3c(O)cc(OCCCN4CCN(c5ccccc5OC)CC4)cc3O2)cc1,CHEMBL5787419,6.657577319
COc1ccc(C2CCN(CCCc3nc4ccccc4s3)CC2)nc1,CHEMBL5434856,5.079876674
COc1ccc(CC(C)NCC(O)c2ccc(O)c(NC=O)c2)cc1,CHEMBL1256786,5
COc1ccc(CCCN2CCN(C(=O)c3ccc(OC)cc3)CC2)cc1,CHEMBL5857051,5.173925197
COc1ccc(CCN2CCC(Nc3nc4ccccc4n3Cc3ccc(F)cc3)CC2)cc1,CHEMBL296419,5.344765493
COc1ccc(CN2CCOC(CCc3ccccc3)C2)cc1,CHEMBL3335539,4.782516056
COc1ccc(CN2CCO[C@@H](CCc3ccccc3)C2)cc1,CHEMBL3561555,4.738737131
COc1ccc(CN2CCc3cc4nc(N)sc4cc3CC2)cc1,CHEMBL2326479,6.397940009
COc1ccc(CNCc2cccc(CCNC[C@H](O)c3ccc(O)c4[nH]c(=O)sc34)c2)cc1,CHEMBL1945289,6.099999035
COc1ccc(C[C@H]2c3cc(O)c(OC)cc3CCN2C)cc1O,CHEMBL235212,6.327902142
COc1ccc(N(C)CCN2CCN(C(=O)c3cc4ccccc4[nH]3)CC2)cc1,CHEMBL4471482,4
COc1ccc(OC(C)CN2CCN(C(=O)c3ccc(OC)cc3)CC2)cc1,CHEMBL4585248,4.744727495
COc1ccc(OC)c(C(=O)NCCN2CCN(c3ccccc3OC)CC2)c1,CHEMBL144811,6.602059991
COc1ccc(OC)c2c1C[C@@H]1c3c(cc4c(c3-2)OCO4)CCN1C,CHEMBL5417155,4.737311656
COc1ccc(OC)c2c1C[C@H]1c3cc4c(cc3CCN1C2)OCO4,CHEMBL3897805,5.60066381
COc1ccc(OCC(C)N2CCN(C(=O)c3ccc(OC)cc3)CC2)cc1,CHEMBL4564115,4
COc1ccc(OCCCCN2CCN(C(=O)c3cc4ccccc4[nH]3)CC2)cc1,CHEMBL4580359,5.920818754
COc1ccc(OCCCN2CCN(C(=O)c3cc4ccccc4[nH]3)CC2)cc1,CHEMBL4442293,6.160521953
COc1ccc(OCCCN2CCN(C(=O)c3ccc(Cl)cc3)CC2)cc1,CHEMBL5924660,5.045757491
COc1ccc(OCCCN2CCN(C(=O)c3ccc(OC)cc3)CC2)cc1,CHEMBL5859091,5.187086643
COc1ccc(OCCN(C)CCN(C)C(=O)c2ccc(OC)cc2)cc1,CHEMBL4459353,4.744727495
COc1ccc(OCCN2CCN(C(=O)C3CCCCC3)CC2)cc1,CHEMBL4581806,4.301029996
COc1ccc(OCCN2CCN(C(=O)C3Cc4c(cccc4OC)N3)CC2)cc1,CHEMBL6061497,4
COc1ccc(OCCN2CCN(C(=O)c3[nH]c4ccccc4c3C)CC2)cc1,CHEMBL4562300,4
COc1ccc(OCCN2CCN(C(=O)c3c[nH]c4ccccc34)CC2)cc1,CHEMBL4533633,5.552841969
COc1ccc(OCCN2CCN(C(=O)c3cc4c(C)cccc4[nH]3)CC2)cc1,CHEMBL4460818,6.128427064
COc1ccc(OCCN2CCN(C(=O)c3cc4c(Cl)cccc4[nH]3)CC2)cc1,CHEMBL4474192,4
COc1ccc(OCCN2CCN(C(=O)c3cc4c(OC)cccc4[nH]3)CC2)cc1,CHEMBL4440776,4
COc1ccc(OCCN2CCN(C(=O)c3cc4cc(C)ccc4[nH]3)CC2)cc1,CHEMBL4514648,4
COc1ccc(OCCN2CCN(C(=O)c3cc4cc(OC)ccc4[nH]3)CC2)cc1,CHEMBL4589125,4
COc1ccc(OCCN2CCN(C(=O)c3cc4ccc(Cl)cc4[nH]3)CC2)cc1,CHEMBL4466748,4
COc1ccc(OCCN2CCN(C(=O)c3cc4cccc(C)c4[nH]3)CC2)cc1,CHEMBL4542423,4
COc1ccc(OCCN2CCN(C(=O)c3cc4cccc(Cl)c4[nH]3)CC2)cc1,CHEMBL4587372,4
COc1ccc(OCCN2CCN(C(=O)c3cc4cccc(OC)c4[nH]3)CC2)cc1,CHEMBL4548345,4.259637311
COc1ccc(OCCN2CCN(C(=O)c3cc4ccccc4[nH]3)CC2)c(Cl)c1,CHEMBL4445988,4.522878745
COc1ccc(OCCN2CCN(C(=O)c3cc4ccccc4[nH]3)CC2)cc1,CHEMBL4476784,4.522878745
COc1ccc(OCCN2CCN(C(=O)c3cc4ccccc4[nH]3)CC2)cc1OC,CHEMBL4473158,4.301029996
COc1ccc(OCCN2CCN(C(=O)c3cc4ccccc4n3C)CC2)cc1,CHEMBL4530116,4.89279003
COc1ccc(OCCN2CCN(C(=O)c3cc4ccccc4o3)CC2)cc1,CHEMBL4577889,5.113509275
COc1ccc(OCCN2CCN(C(=O)c3cc4ccccc4s3)CC2)cc1,CHEMBL4472861,5.292429824
COc1ccc(OCCN2CCN(C(=O)c3cc4ccncc4[nH]3)CC2)cc1,CHEMBL4575347,4
COc1ccc(OCCN2CCN(C(=O)c3cc4cnccc4[nH]3)CC2)cc1,CHEMBL4455487,4
COc1ccc(OCCN2CCN(C(=O)c3ccc(Cl)cc3)CC2)cc1,CHEMBL4513935,5.045757491
COc1ccc(OCCN2CCN(C(=O)c3ccc(OC(F)(F)F)cc3)CC2)cc1,CHEMBL5902860,4.301029996
COc1ccc(OCCN2CCN(C(=O)c3ccc(OC)cc3)C(C)C2)cc1,CHEMBL4461742,4
COc1ccc(OCCN2CCN(C(=O)c3ccc(OC)cc3)CC2)cc1,CHEMBL1700053,4.347511914
COc1ccc(OCCN2CCN(C(=O)c3ccc(OC)cc3)CC2C)cc1,CHEMBL4438465,4
COc1ccc(OCCN2CCN(C(=O)c3ccc(OC)cn3)CC2)cc1,CHEMBL4526466,4
COc1ccc(OCCN2CCN(C(=O)c3ccc4[nH]ccc4c3)CC2)cc1,CHEMBL4472813,5.337242168
COc1ccc(OCCN2CCN(C(=O)c3ccccc3)CC2)cc1,CHEMBL4471690,4.301029996
COc1ccc(OCCN2CCN(C(=O)c3ccccc3OC)CC2)cc1,CHEMBL4526308,4
COc1ccc(OCCN2CCN(C(=O)c3nc4ccccc4[nH]3)CC2)cc1,CHEMBL4443579,4.301029996
COc1ccc(OCCN2CCN(c3ccc(OC)cc3)CC2)cc1,CHEMBL4559117,4.301029996
COc1ccc(S(=O)(=O)Nc2c(C)cc(C)cc2C)cc1,CHEMBL3311308,4.509884837
COc1ccc(SCCN2CCN(C(=O)c3cc4ccccc4[nH]3)CC2)cc1,CHEMBL4446051,4
COc1ccc2[nH]cc(C(=O)Nc3ccc(Oc4cccnc4C)nc3)c2c1,CHEMBL480699,5
COc1ccc2[nH]cc(CCCCN3CCN(c4cccc5sccc45)CC3)c2c1,CHEMBL5830707,8.074172425
COc1ccc2[nH]cc(CCCN3CCN(c4cccc5sccc45)CC3)c2c1,CHEMBL5828214,6.26520017
COc1ccc2[nH]cc(CCN3CCN(c4cccc5sccc45)CC3)c2c1,CHEMBL6054287,6.355561411
COc1ccc2c(c1)C(CCCN1CCN(c3ccccc3OC)CC1)CCC2,CHEMBL424125,6.823908741
COc1ccc2c(c1)CC(NC(=O)CCN1CCN(c3ccccc3OC)CC1)CC2.Cl.Cl,CHEMBL2373210,6.187086643
COc1ccc2c(c1)CCN1CC[C@](O)(c3ccc(Cl)cc3)C[C@H]21,CHEMBL2335738,5.995678626
COc1ccc2c(c1)C[C@H]1c3cc(O)c(OC)cc3CCN1C2,CHEMBL2057453,6.058916116
COc1ccc2c(c1)N(CCCCCN1CCC3(CCN(C)CC3)CC1)c1ncccc1S2,CHEMBL5592860,5
COc1ccc2c(c1O)CN1CCc3cc(O)c(O)cc3C1C2,CHEMBL4438471,7.119186408
COc1ccc2c(c1OC(C)=O)CN1CCc3cc4c(cc3C1C2)OCO4,CHEMBL2314734,6.37675071
COc1ccc2c(c1OC)-c1c(Br)ccc3c1[C@@H](C2)N(C)CC3,CHEMBL4467483,7.818177842
COc1ccc2c(c1OC)-c1c(Br)ccc3c1[C@H](C2)N(C)CC3,CHEMBL4564103,6.461548806
COc1ccc2c(c1OC)-c1ccc(Br)c3c1[C@@H](C2)N(C)CC3,CHEMBL4579687,5.785972545
COc1ccc2c(c1OC)-c1ccc(Br)c3c1[C@H](C2)N(C)CC3,CHEMBL4513262,5.265213167
COc1ccc2c(c1OC)-c1ccc(C)c3c1[C@@H](C2)N(C)CC3,CHEMBL4589737,5.440106536
COc1ccc2c(c1OC)CN1CCc3cc(O)c(O)cc3C1C2,CHEMBL2314747,7.397940009
COc1ccc2c(c1O[C@@H]1O[C@H](CO)[C@@H](O)[C@H](O)[C@H]1O)CN1CCc3cc4c(cc3[C@@H]1C2)OCO4,CHEMBL2314741,5
COc1ccc2c(c1O[C@@H]1O[C@H](CO)[C@@H](O)[C@H](O)[C@H]1O)CN1CCc3cc4c(cc3[C@H]1C2)OCO4,CHEMBL2314742,5
COc1ccc2cc3[n+](cc2c1OC)CCc1cc2c(cc1-3)OCO2.[Cl-],CHEMBL12089,4.5551748
COc1ccc2nc(CCCN3CCC(c4ccccn4)CC3)sc2c1,CHEMBL5399720,5.452225295
COc1ccc2ncc(=O)n(CCCCN3CCN(c4cccc5sccc45)CC3)c2c1,CHEMBL4749223,7.110026362
COc1ccc2oc(=O)c(CN3CCCC3)cc2c1,CHEMBL3113646,4.522878745
COc1ccc2oc(C(=O)NCCC(F)CN3CCN(c4cccc(Cl)c4Cl)CC3)cc2c1,CHEMBL1774533,5.795880017
COc1cccc(-c2cccc(CN3CCN(c4ncccn4)CC3)c2)c1,CHEMBL64671,6.30980392
COc1cccc(-c2csc(CCN3CCN(c4ccccc4OC)CC3)n2)c1.Cl,CHEMBL2373205,6.060480747
COc1cccc(-c2csc(CN3CCN(c4ccccc4OC)CC3)n2)c1.Cl.Cl.Cl.O,CHEMBL2373206,6
COc1cccc(C(=O)CCCN2CCN(c3ccccc3OC)CC2)c1,CHEMBL26677,7.886056648
COc1cccc(C(=O)NCCCN2CCN(c3ccccc3OC)CC2)c1,CHEMBL357448,6
COc1cccc(C(=O)NCCN2CCN(Cc3ccc(Cl)cc3)CC2)c1.Cl.Cl.O,CHEMBL2373207,6
COc1cccc(C(=O)NCCN2CCN(Cc3ccccc3OC)CC2)c1.Cl.Cl.O,CHEMBL2373204,6
COc1cccc(C(=O)NCCN2CCN(c3ccc(Cl)cc3)CC2)c1,CHEMBL93403,6
COc1cccc(C(=O)NCCN2CCN(c3ccccc3OC)CC2)c1,CHEMBL286725,6.15490196
COc1cccc(C(=O)NCCN2CCN(c3ccccn3)CC2)c1,CHEMBL147483,6
COc1cccc(C2CCN(CCNC(=O)C3CCOCC3)CC2)n1,CHEMBL5956985,5
COc1cccc(CN2CCc3cc4nc(N)sc4cc3CC2)c1,CHEMBL2326480,6.045757491
COc1cccc(CNCc2cccc(CCNC[C@H](O)c3ccc(O)c4[nH]c(=O)sc34)c2)c1,CHEMBL1945044,6.099999035
COc1cccc(Nc2nc(Cc3ccccc3)nc3c2CCNCC3)c1.Cl,CHEMBL2393246,6.788345599
COc1cccc(OCCN2CCN(C(=O)c3cc4ccccc4[nH]3)CC2)c1,CHEMBL4472566,4
COc1cccc(OCCN2CCN(C(=O)c3cc4cnccc4[nH]3)CC2)c1,CHEMBL4594046,5.13076828
COc1cccc(OCCN2CCN(C(=O)c3nc4ccccc4[nH]3)CC2)c1,CHEMBL4471623,5.698970004
COc1cccc2c1CC(CNCCCCN1C(=O)CC3(CCCC3)CC1=O)CO2,CHEMBL416523,7.530030791
COc1cccc2c1CC1(CCCN1CCCCN1C(=O)CC3(CCCC3)CC1=O)CO2,CHEMBL11265,5.959999286
COc1cccc2c1C[C@@H]1c3c(cc4c(c3-2)OCO4)CCN1C,CHEMBL601020,6.070581074
COc1cccc2nc(CCCN3CCC(c4ccccn4)CC3)sc12,CHEMBL5406300,5.688246139
COc1cccc2nn(CCCCN3CCN(c4cccc5sccc45)CC3)c(=O)n12,CHEMBL4634009,7.906578315
COc1ccccc1-c1cccc(CN2CCN(c3ncccn3)CC2)c1,CHEMBL64487,6.443697499
COc1ccccc1C(=O)NCCN1CCN(c2ccccc2OC)CC1,CHEMBL356358,6.091514981
COc1ccccc1CCNCc1ccc(CCNC[C@H](O)c2ccc(O)c3[nH]c(=O)sc23)cc1,CHEMBL1944694,6.199998172
COc1ccccc1CCNCc1cccc(CCNC[C@H](O)c2ccc(O)c3[nH]c(=O)sc23)c1,CHEMBL1944693,6.099999035
COc1ccccc1CN(C)Cc1cccc(CCNC[C@H](O)c2ccc(O)c3[nH]c(=O)sc23)c1,CHEMBL1945291,6
COc1ccccc1CNCCc1cccc(CCNC[C@H](O)c2ccc(O)c3[nH]c(=O)sc23)c1,CHEMBL1945299,6
COc1ccccc1CNCc1ccc(CCNC[C@@H](O)c2ccc(O)c3[nH]c(=O)sc23)cc1,CHEMBL1945504,5.700000504
COc1ccccc1CNCc1ccc(CCNC[C@H](O)c2ccc(O)c3[nH]c(=O)sc23)cc1,CHEMBL1945040,5.599999383
COc1ccccc1CNCc1cccc(CCNC[C@H](O)c2ccc(O)c3[nH]c(=O)sc23)c1,CHEMBL1945039,6
COc1ccccc1N1CCC2(CCN(CCCSc3nnc(-c4ccccc4)n3C)CC2)CC1,CHEMBL4084262,5.791558644
COc1ccccc1N1CCN(C/C=C/CNC(=O)c2ccc(-c3ccccn3)cc2)CC1,CHEMBL394541,6.756961951
COc1ccccc1N1CCN(C/C=C/CNC(=O)c2ccc3c(c2)Cc2ccccc2-3)CC1,CHEMBL244989,6.747146969
COc1ccccc1N1CCN(CC(F)CCNC(=O)c2cc3ccccc3s2)CC1,CHEMBL1774538,6.375717904
COc1ccccc1N1CCN(CCC(=O)NC2CCc3c(cccc3OC)C2)CC1,CHEMBL359002,6.118615343
COc1ccccc1N1CCN(CCCC(=O)NCc2nc3ccc(F)cc3c(=O)n2-c2ccccc2)CC1,CHEMBL259776,5.27572413
COc1ccccc1N1CCN(CCCC2CCCc3c(OC)cccc32)CC1,CHEMBL26929,7.698970004
COc1ccccc1N1CCN(CCCCCCNC(=O)OC(C)(C)C)CC1,CHEMBL3299097,8.400062372
COc1ccccc1N1CCN(CCCCCN2Cc3c(Cl)nc4ccccc4c3C2=O)CC1,CHEMBL2392351,7
COc1ccccc1N1CCN(CCCCCN2Cc3ccc4ccccc4c3C2=O)CC1,CHEMBL2392349,8.455931956
COc1ccccc1N1CCN(CCCCNC(=O)c2ccc(-c3ccccn3)cc2)CC1,CHEMBL241973,6.970616222
COc1ccccc1N1CCN(CCCCNC(=O)c2ccc3c(c2)Cc2ccccc2-3)CC1,CHEMBL110365,6.649751982
COc1ccccc1N1CCN(CCCCNC(=O)c2cn3ccccc3n2)CC1,CHEMBL3322993,7.787812396
COc1ccccc1N1CCN(CCCCOc2cc(O)c3c(c2)OC(c2ccc(C)cc2)CC3=O)CC1,CHEMBL6023119,6.460923901
COc1ccccc1N1CCN(CCCCOc2cc(O)c3c(c2)OC(c2ccc(F)cc2)CC3=O)CC1,CHEMBL5931917,7.241845378
COc1ccccc1N1CCN(CCCCOc2ccc3c(c2)NC(=O)CO3)CC1,CHEMBL6004129,9.008773924
COc1ccccc1N1CCN(CCCN(C(=O)c2ccccc2)C(C)C)CC1,CHEMBL4787658,6.084336396
COc1ccccc1N1CCN(CCCN(C(=O)c2ccccc2)C2COC2)CC1,CHEMBL4778957,5.424235019
COc1ccccc1N1CCN(CCCN(CC2CC2)C(=O)c2ccccc2)CC1,CHEMBL4753512,6.539553216
COc1ccccc1N1CCN(CCCOc2ccc(C)cc2C)CC1.Cl,CHEMBL4209888,7.752026734
COc1ccccc1N1CCN(CCCSc2nnc(-c3ccccc3)n2C)CC1,CHEMBL4083252,6.483729117
COc1ccccc1N1CCN(CCCc2cn(CCCN3CCc4cc(O)c(O)cc4C(c4ccccc4C)C3)nn2)CC1,CHEMBL574700,6.318758763
COc1ccccc1N1CCN(CCCn2cc(CCCCN3CCc4cc(O)c(O)cc4C(c4cccc(C)c4)C3)nn2)CC1,CHEMBL582945,5.804100348
COc1ccccc1N1CCN(CCNC(=O)OC(C)(C)C)CC1,CHEMBL3299093,7.03004854
COc1ccccc1N1CCN(CCOCCOc2c(C)cc(C)cc2C)CC1.Cl.Cl,CHEMBL4207653,7.086186148
COc1ccccc1N1CCN(CCOCCOc2cc(C)cc(C)c2C)CC1.Cl.Cl,CHEMBL4213352,7.105130343
COc1ccccc1N1CCN(CC[C@H]2CC[C@H](Nc3ncccn3)CC2)CC1,CHEMBL164792,8.004364805
COc1ccccc1N1CCNCC1,CHEMBL9666,6
COc1ccccc1OCCNCC(O)COc1cccc2[nH]c3ccccc3c12,CHEMBL723,6.835647144
COc1cccn2c(=O)n(CCCCN3CCN(c4cccc5sccc45)CC3)nc12,CHEMBL4644500,6.991399828
COc1cccnc1N1CCN(CCCc2nc3ccccc3s2)CC1,CHEMBL5403504,6.523603173
CSc1ccc(OCCN2CCN(C(=O)c3cc4ccccc4[nH]3)CC2)cc1,CHEMBL4446145,4
CSc1ccc2c(c1)N(CCC1CCCCN1C)c1ccccc1S2,CHEMBL479,7.455931956
CSc1cccc(C(=O)NC[C@@H]2CCCN2CCc2ccccc2)c1,CHEMBL356304,6
CSc1cccc(C(=O)NC[C@H]2CCCN2CCc2ccccc2)c1,CHEMBL148249,6
CSc1cccc(OCCN2CCN(C(=O)c3cc4ccccc4[nH]3)CC2)c1,CHEMBL5758557,4
C[C@@H](CO)NC(=O)[C@@H]1C=C2c3cccc4[nH]cc(c34)C[C@H]2N(C)C1,CHEMBL119443,6.258060922
C[C@H]1Cc2c([nH]c3cc(Cl)c(F)cc23)[C@@]2(N1)C(=O)Nc1ccc(Cl)cc12,CHEMBL1082723,5
Cc1[nH]c(-c2ccccc2)cc1C(=O)NCCCN1CCN(c2cccc(Cl)c2Cl)CC1,CHEMBL1086626,5.970210529
Cc1c(C#Cc2ccc(CN3CCC(CO)CC3)cc2)cc(C(F)F)c2cn(C(C(=O)Nc3nccs3)c3ncn4c3CCC43CC3)nc12,CHEMBL5177023,6
Cc1c(C(=O)NCCCN2CCN(c3cccc(Cl)c3Cl)CC2)cc(-c2ccccc2)n1C,CHEMBL1086754,5.594824454
Cc1c(C(=O)c2ccc(Cl)cc2)c2ccc(OC(F)(F)F)cc2n1Cc1cccc(O[C@H](C)C(=O)O)c1,CHEMBL461571,5.449771647
Cc1c(C)c2c(c(C)c1O)CCC(C)(CN1CCN(c3cc(N4CCCC4)nc(N4CCCC4)n3)CC1)O2,CHEMBL141343,4.775725986
Cc1cc(=O)oc2c(Cl)c(OCCCCN3CCC(c4noc5cc(F)ccc45)CC3)ccc12,CHEMBL2387229,7.580044252
Cc1cc(C)cc(/C(CCN2CCN(c3ccccn3)CC2)=N/O)c1,CHEMBL211985,5
Cc1cc(N2CCN(C)CC2)c2c(c1)N(S(=O)(=O)c1ccc3ccccc3c1)C(C)CC2=O,CHEMBL1642128,5.74860515
Cc1cc(OCCN2CCN(C(=O)c3cc4ccccc4[nH]3)CC2)ccc1Cl,CHEMBL4462053,5.420216403
Cc1cc2c(cc1C(F)(F)F)N(C(=O)Nc1ccc(Oc3cccnc3C)nc1)CC2,CHEMBL14460,6
Cc1cc2c(cc1O)[C@H]1C[C@@](O)(c3ccc(Cl)cc3)CCN1CC2,CHEMBL2335737,6.657577319
Cc1cc2c(cc1O)[C@H]1C[C@](O)(c3ccc(Cl)cc3)CCN1CC2,CHEMBL2331599,6.823908741
Cc1cc2c(s1)Nc1ccccc1N=C2N1CCN(C)CC1,CHEMBL715,7.193820026
Cc1ccc(C23CC2C(=O)N(CCCCN2CCN(c4cccc5sccc45)CC2)C3=O)cc1,CHEMBL4292254,7.093664958
Cc1ccc(C2CCN(CC(=O)Nc3cccc(C)c3)CC2)cc1,CHEMBL4473792,4.173967332
Cc1ccc(C2CCN(CC(=O)Nc3cccc(C)c3)CC2)nc1,CHEMBL4587925,4.067868834
Cc1ccc(CN2CCC(n3c(O)nc4ccccc43)CC2)c(Cl)c1,CHEMBL114484,6.318758763
Cc1ccc(CN2CCN(CC(=O)N3c4ccccc4CC3C)CC2)cc1,CHEMBL107742,6.725842151
Cc1ccc(CN2CCN(CC(=O)N3c4ccccc4C[C@H]3C)CC2)cc1,CHEMBL320597,6.946921557
Cc1ccc(N2CCN(CCCCc3nc4ccccc4s3)CC2)nc1,CHEMBL5425920,5.74836178
Cc1ccc(O)c(/C(CCN2CCN(c3ccccn3)CC2)=N/O)c1,CHEMBL213106,5
Cc1ccc(OCCN2CCN(C(=O)c3cc4ccccc4[nH]3)CC2)cc1,CHEMBL4461237,4
Cc1ccc(OCCN2CCN(C(=O)c3cc4ccccc4[nH]3)CC2)cc1C,CHEMBL4519087,4.886056648
Cc1ccc(OCc2ccccc2)c(/C(CCN2CCN(c3ccccn3)CC2)=N/O)c1,CHEMBL212075,5
Cc1ccc(Sc2ccccc2N2CCN(CCc3c(C)nc4n(c3=O)CCCC4O)CC2)c(C)c1.Cl,CHEMBL4082150,6.057991947
Cc1ccc2[nH]cc(C(=O)Nc3ccc(Oc4cccnc4C)nc3)c2c1,CHEMBL480127,5
Cc1ccc2c(C(=O)Nc3ccc(Oc4cccnc4C)nc3)c[nH]c2c1,CHEMBL519103,5
Cc1ccc2c(c1)N1OC(CN(C)C)CC1c1ccccc1C2,CHEMBL85735,7.260032303
Cc1ccc2nc(CCCN3CCC(c4ccccn4)CC3)sc2c1,CHEMBL5399689,5.757086053
Cc1ccc2nc(CCCN3CCN(c4ccccn4)CC3)sc2c1,CHEMBL5403610,5.016373713
Cc1cccc(-c2ccc(C(=O)NC/C=C/CN3CCN(c4cccc(Cl)c4Cl)CC3)cc2)n1,CHEMBL398175,5.886056648
Cc1cccc(/C(=N/O)C(O)CN2CCN(c3ccccn3)CC2)c1,CHEMBL215723,5
Cc1cccc(/C(=N\O)C(O)CN2CCN(c3ccccn3)CC2)c1,CHEMBL211463,5
Cc1cccc(/C(CCN2CCN(c3ccccn3)CC2)=N/O)c1,CHEMBL212298,5
Cc1cccc(C(=O)NCN2CCN(c3ccccc3C#N)CC2)c1,CHEMBL45244,5
Cc1cccc(C2=CCN(CCNC(=O)C(C)(C)C)CC2)n1,CHEMBL5911465,5
Cc1cccc(C2=CCN(CCNC(=O)C3CCC(F)(F)CC3)CC2)n1,CHEMBL6064944,5.612966299
Cc1cccc(C2=CCN(CCNC(=O)C3CCCCO3)CC2)n1,CHEMBL5773895,5
Cc1cccc(C2=CCN(CCNC(=O)C3CCOCC3)CC2)n1,CHEMBL5823916,5
Cc1cccc(C2=CCN(CCNC(=O)[C@H]3C[C@@H]4CC[C@H]3O4)CC2)n1,CHEMBL5789899,5
Cc1cccc(C2CCN(CCNC(=O)C(C)(C)C)CC2)n1,CHEMBL5784881,5
Cc1cccc(C2CCN(CCNC(=O)C3CC4CCC3O4)CC2)n1,CHEMBL5817624,5
Cc1cccc(C2CCN(CCNC(=O)C3CCC(F)(F)CC3)CC2)n1,CHEMBL6009219,5
Cc1cccc(C2CCN(CCNC(=O)C3CCCO3)CC2)n1,CHEMBL5840994,5
Cc1cccc(C2CCN(CCNC(=O)C3CCCOC3)CC2)n1,CHEMBL6061458,5
Cc1cccc(C2CCN(CCNC(=O)C3CCOC3)CC2)n1,CHEMBL5756186,5
Cc1cccc(C2CCN(CCNC(=O)C3CCOCC3)CC2)n1,CHEMBL5926623,5
Cc1cccc(N2CCN(CCCC(=O)NCc3nc4cc(F)ccc4c(=O)n3-c3ccccc3)CC2)c1C,CHEMBL261102,5.823908741
Cc1cccc(N2CCN(CCCC(=O)NCc3nc4ccc(F)cc4c(=O)n3-c3ccccc3)CC2)c1C,CHEMBL261434,5.397940009
Cc1cccc(N2CCN(CCCC(=O)NCc3nc4ccccc4c(=O)n3-c3ccccc3)CC2)c1C,CHEMBL259415,5.161150909
Cc1cccc(N2CCN(CCCCNC(=O)c3cc4ccccc4o3)CC2)c1,CHEMBL496739,6.040005162
Cc1cccc(NC(=O)CCN2CCC(c3ccccn3)CC2)c1,CHEMBL4464861,4.269108761
Cc1cccc(NC(=O)CCN2CCN(c3ccccn3)CC2)c1,CHEMBL4454068,4.271374362
Cc1cccc(NC(=O)CCN2CCN(c3ncccn3)CC2)c1,CHEMBL4588808,4.252405656
Cc1cccc(NC(=O)CN2CCC(c3ccc(Cl)cc3)CC2)c1,CHEMBL4436479,4.066925437
Cc1cccc(NC(=O)CN2CCC(c3ccccc3)CC2)c1,CHEMBL216393,4.918310721
Cc1cccc(NC(=O)CN2CCC(c3ccccn3)CC2)c1,CHEMBL375596,4.554037924
Cc1cccc(NC(=O)CN2CCN(c3ccc(Cl)cn3)CC2)c1,CHEMBL4572245,4.080720504
Cc1cccc(NC(=O)CN2CCN(c3cccc4ccccc34)CC2)c1,CHEMBL4473652,4.074871052
Cc1cccc(NC(=O)CN2CCN(c3ccccn3)CC2)c1,CHEMBL4448320,4.236534569
Cc1cccc(NC(=O)CN2CCN(c3ncccn3)CC2)c1,CHEMBL4443054,4.204092189
Cc1cccc2c(CCNCc3ccc(CCNC[C@H](O)c4ccc(O)c5[nH]c(=O)sc45)cc3)c[nH]c12,CHEMBL1945032,6.099999035
Cc1cccc2c(CCNCc3cccc(CCNC[C@H](O)c4ccc(O)c5[nH]c(=O)sc45)c3)c[nH]c12,CHEMBL1945031,6.399996913
Cc1ccccc1/C(CCN1CCN(c2ccccn2)CC1)=N/O,CHEMBL215849,5
Cc1ccccc1/C(CCN1CCN(c2ccccn2)CC1)=N\O,CHEMBL214440,5
Cc1ccccc1CN1CCC(N2CCC(n3c(=O)[nH]c4c(F)cccc43)CC2)CC1,CHEMBL490598,5
Cc1ccccc1CN1CCC(N2CCC(n3c(=O)[nH]c4ccc(F)cc43)CC2)CC1,CHEMBL490797,5
Cc1ccccc1CN1CCC(N2CCC(n3c(=O)[nH]c4ccccc43)CC2)CC1,CHEMBL522460,5.411728293
Cc1ccccc1N1CCN(C(=O)COc2ccc3[nH]cc(CCN)c3c2)CC1,CHEMBL120055,5
Cc1cccnc1-c1ccc(C(=O)NC/C=C/CN2CCN(c3cccc(Cl)c3Cl)CC2)cc1,CHEMBL244773,6.434152181
Cc1cccnc1C1CCN(CCCc2nc3ccccc3s2)CC1,CHEMBL5394387,5.141162149
Cc1ccnc(N2CCN(CCCc3nc4ccccc4s3)CC2)c1,CHEMBL5437265,5.452348342
Cc1cn([C@H](C)CC#N)c(=O)c2cc(Cn3nc(C(F)F)cc3Cl)nn12,CHEMBL5092058,5
Cc1coc2ccc(N3C[C@@]4(CN5CCC4CC5)OC3=O)cc12,CHEMBL2113241,5
Cc1n[nH]c2ncc(C(=O)N3CCC[C@H]3c3ccc(Cl)cc3)cc12,CHEMBL3903492,5.070581074
Cc1nc(C(=O)NCCCN2CCN(c3cccc(Cl)c3Cl)CC2)c(C)n1-c1ccccc1.Cl.Cl.Cl.Cl,CHEMBL3216098,5.863596552
Cc1nc(C(=O)NCCN2CCN(c3cccc(Cl)c3Cl)CC2)c(C)n1-c1ccccc1.Cl.Cl.Cl.Cl,CHEMBL3216758,6.041914151
Cc1nc(N2CCCC2)nc2ccc(NC(=O)COc3ccc(Cl)cc3)cc12,CHEMBL216228,4
Cc1nc2c(O)cccn2c(=O)c1CCN1CCN(c2cccc3sccc23)CC1,CHEMBL4102561,7.573488739
Cc1nc2c(OCc3ccccc3)cccn2c(=O)c1CCN1CCN(c2cccc3sccc23)CC1,CHEMBL5865978,7.684029655
Cc1nc2ccc(CCCCCN3CCN(c4cccc5sccc45)CC3)cc2c(=O)[nH]1,CHEMBL5920687,7.294992041
Cc1nc2ccc(CCN3CCN(c4cccc5sccc45)CC3)cc2c(=O)[nH]1,CHEMBL5763558,7.600326279
Cc1nc2ccccn2c(=O)c1CCN1CCN(c2cccc3sccc23)CC1,CHEMBL4094825,8.482804102
Cc1nc2cnccc2n1-c1ccc(OCc2cccc(/C=C/c3ccc4ccc(Cl)cc4n3)c2)cc1,CHEMBL28902,5
Cc1nc2cnccc2n1-c1ccc(OCc2cccc(/C=C/c3nc4cc(F)ccc4s3)c2)cc1,CHEMBL31714,5
Cc1nc2n(c(=O)c1CCN1CCC(c3cccc4sccc34)CC1)CCCC2,CHEMBL4117823,7.982966661
Cc1nc2n(c(=O)c1CCN1CCC(c3cccc4sccc34)CC1)CCCC2.Cl,CHEMBL4078409,7.982966661
Cc1nc2n(c(=O)c1CCN1CCC(c3cccc4sccc34)CC1)CCCC2O,CHEMBL4094926,7.122628654
Cc1nc2n(c(=O)c1CCN1CCC(c3noc4cc(F)ccc34)CC1)CCCC2,CHEMBL85,4.902793075
Cc1nc2n(c(=O)c1CCN1CCC(c3noc4cc(F)ccc34)CC1)CCCC2(C)O,CHEMBL4082084,7.096910013
Cc1nc2n(c(=O)c1CCN1CCC(c3noc4cc(F)ccc34)CC1)CCCC2(F)F.Cl,CHEMBL4096467,8.301029996
Cc1nc2n(c(=O)c1CCN1CCC(c3noc4cc(F)ccc34)CC1)CCCC2=O,CHEMBL4077702,8.040958608
Cc1nc2n(c(=O)c1CCN1CCC(c3noc4cc(F)ccc34)CC1)CCCC2Cl,CHEMBL4090872,8.542118103
Cc1nc2n(c(=O)c1CCN1CCC(c3noc4cc(F)ccc34)CC1)CCCC2F,CHEMBL4062936,8.207608311
Cc1nc2n(c(=O)c1CCN1CCC(c3noc4cc(F)ccc34)CC1)CCCC2O,CHEMBL1621,8.081969663
Cc1nc2n(c(=O)c1CCN1CCN(c3cc(F)cc4sccc34)CC1)CCCC2,CHEMBL5885838,7.982966661
Cc1nc2n(c(=O)c1CCN1CCN(c3cccc4c3CCS4)CC1)CCCC2O,CHEMBL4087246,7.928117993
Cc1nc2n(c(=O)c1CCN1CCN(c3cccc4c3OC(F)(F)O4)CC1)CCCC2.Cl,CHEMBL4077006,7.436518915
Cc1nc2n(c(=O)c1CCN1CCN(c3cccc4c3OC(F)(F)O4)CC1)CCCC2O,CHEMBL4100152,7.568636236
Cc1nc2n(c(=O)c1CCN1CCN(c3cccc4sc(F)cc34)CC1)CCCC2O,CHEMBL5991179,7.012043409
Cc1nc2n(c(=O)c1CCN1CCN(c3cccc4sccc34)CC1)CCC=C2,CHEMBL4116465,7.777283529
Cc1nc2n(c(=O)c1CCN1CCN(c3cccc4sccc34)CC1)CCC=C2.Cl,CHEMBL4074326,8.025028006
Cc1nc2n(c(=O)c1CCN1CCN(c3cccc4sccc34)CC1)CCCC2,CHEMBL4083333,8.583359493
Cc1nc2n(c(=O)c1CCN1CCN(c3cccc4sccc34)CC1)CCCC2(C)O,CHEMBL4065710,7.501689446
Cc1nc2n(c(=O)c1CCN1CCN(c3cccc4sccc34)CC1)CCCC2(F)F,CHEMBL4116744,8.454692884
Cc1nc2n(c(=O)c1CCN1CCN(c3cccc4sccc34)CC1)CCCC2(F)F.Cl,CHEMBL4087132,8.454692884
Cc1nc2n(c(=O)c1CCN1CCN(c3cccc4sccc34)CC1)CCCC2=O,CHEMBL4103509,7.31202538
Cc1nc2n(c(=O)c1CCN1CCN(c3cccc4sccc34)CC1)CCCC2Cl,CHEMBL4079251,8.260427656
Cc1nc2n(c(=O)c1CCN1CCN(c3cccc4sccc34)CC1)CCCC2F,CHEMBL4104261,8.478861916
Cc1nc2n(c(=O)c1CCN1CCN(c3cccc4sccc34)CC1)CCCC2O,CHEMBL4102670,8.038223073
Cc1nc2n(c(=O)c1CCN1CCN(c3cccc4scnc34)CC1)CCCC2O,CHEMBL4105102,5
Cc1nc2n(c(=O)c1CCN1CCN(c3cncc4sccc34)CC1)CCCC2O,CHEMBL4091554,6.017728767
Cc1nc2n(c(=O)c1CCN1CCN(c3csc4ccsc34)CC1)CCCC2O,CHEMBL4067506,6.804100348
Cc1nc2n(c(=O)c1CCN1CCN(c3nccc4sccc34)CC1)CCCC2,CHEMBL4079365,7.424812155
Cc1nc2n(c(=O)c1CCN1CCN(c3nccc4sccc34)CC1)CCCC2O,CHEMBL4097395,7.698970004
Cc1nc2n(c(=O)c1CCN1CCN(c3ncnc4sccc34)CC1)CCCC2,CHEMBL4063748,5.257274869
Cc1nc2n(c(=O)c1CCN1CCN(c3ncnc4sccc34)CC1)CCCC2O,CHEMBL4064609,5.176525771
Cc1nc2n(c(=O)c1CCN1CCN(c3noc4cc(F)ccc34)CC1)CCCC2O,CHEMBL4098594,8.015472687
Cc1nc2n(c(=O)c1CCN1CCN(c3nsc4ccccc34)CC1)CCCC2(C)O,CHEMBL4061068,8.619788758
Cc1nc2n(c(=O)c1CCN1CCN(c3nsc4ccccc34)CC1)CCCC2(F)F,CHEMBL4062992,8.283996656
Cc1nc2n(c(=O)c1CCN1CCN(c3nsc4ccccc34)CC1)CCCC2=O,CHEMBL4084663,8.119186408
Cc1nc2n(c(=O)c1CCN1CCN(c3nsc4ccccc34)CC1)CCCC2Cl,CHEMBL4101115,8.081445469
Cc1nc2n(c(=O)c1CCN1CCN(c3nsc4ccccc34)CC1)CCCC2F,CHEMBL4074373,8.107905397
Cc1nc2n(c(=O)c1CCN1CCN(c3nsc4ccccc34)CC1)CCCC2O,CHEMBL4060678,8.292429824
Cc1ncsc1CCN1CCN(c2cccc3sccc23)CC1,CHEMBL5750687,6.316952962
Cc1noc(C)c1-c1cnc2cc(C(=O)NCCC[n+]3ccc(N(C)C)cc3)ccn12.O=C[O-],CHEMBL5465167,4.698970004
Cl.Cl.Cn1c(=O)c2c(ncn2CCCN2CCN(C(c3ccc(F)cc3)c3ccc(F)cc3)CC2)n(C)c1=O,CHEMBL553331,7.366531544
Cl.Clc1ccc(N2CCN(Cc3c[nH]c4ncccc34)CC2)cc1,CHEMBL555670,6.443697499
Cl.Clc1cccc(Nc2nc(Cc3ccccc3)nc3c2CCNCC3)c1,CHEMBL2393245,7.066512712
Cl.Fc1cccc(Nc2nc(Cc3ccccc3)nc3c2CCNCC3)c1,CHEMBL2393244,7.19859629
Cl.NCCc1ccc(O)c(O)c1,CHEMBL1557,4.296708622
Cl.c1ccc(Cc2nc3c(c(Nc4ccccc4)n2)CCNCC3)cc1,CHEMBL2393243,6.833569886
Cl.c1ccc([C@H]2C[C@@H]2CN2CCN(c3ccccn3)CC2)cc1,CHEMBL1203260,6.580044252
Cl.c1ccc([C@H]2C[C@@H]2CN2CCN(c3ncccn3)CC2)cc1,CHEMBL1203257,6.11577123
Clc1ccc(CN2CCO[C@H](CCc3ccccc3)C2)cc1,CHEMBL3335556,4.698970004
Clc1ccc(COC(Cn2ccnc2)c2ccc(Cl)cc2Cl)c(Cl)c1,CHEMBL91,4.902951035
Clc1ccc(COC(Cn2ccnc2)c2ccc(Cl)cc2Cl)cc1,CHEMBL808,4.89255259
Clc1ccc(N2CCN(CCCCc3nc4ccccc4s3)CC2)nc1,CHEMBL5426481,4.638272164
Clc1ccc(N2CCN(C[C@@H]3C[C@H]3c3ccccc3)CC2)c(Cl)c1,CHEMBL125455,7.193820026
Clc1ccc2c(c1)C(N1CCNCC1)=Nc1ccccc1O2,CHEMBL1113,6.698970004
Clc1ccc2nc(CCCN3CCN(c4ccccn4)CC3)sc2c1,CHEMBL5403986,4.616184634
Clc1ccc2sc(CCCN3CCN(c4ccccn4)CC3)nc2c1,CHEMBL5400983,4.935542011
Clc1cccc2sc(CCCN3CCN(c4ccccn4)CC3)nc12,CHEMBL5422150,5.517126416
Clc1ccccc1C(c1ccccc1)(c1ccccc1)n1ccnc1,CHEMBL104,4.914138826
Cn1c(=O)[nH]c2cc(CCN3CCN(c4cccc5sccc45)CC3)ccc21,CHEMBL5979432,6.66756154
Cn1c(=O)[nH]c2ccc(CCN3CCN(c4cccc5sccc45)CC3)cc21,CHEMBL5785243,7.628932138
Cn1c(=O)c2c(ncn2CCCN2CCC(C(c3ccccc3)c3ccccc3)CC2)n(C)c1=O.O=C(O)/C=C/C(=O)O,CHEMBL338611,7.387216143
Cn1c(=O)n(C)c2cc(CCN3CCN(c4cccc5sccc45)CC3)ccc21,CHEMBL6014626,8.034328029
Cn1c(CCCN2CCN(c3cccc(Cl)c3Cl)CC2)nc(-c2ccccc2)c1C(=O)NC(C)(C)C,CHEMBL5274672,6.790002704
Cn1c(CCCN2CCN(c3cccc(Cl)c3Cl)CC2)nc(-c2ccccc2)c1C(=O)NC1CCCCC1,CHEMBL5281787,5.760000207
Cn1c(CCCN2CCN(c3cccc(Cl)c3Cl)CC2)nc(-c2ccccc2)c1C(=O)NCc1ccccc1,CHEMBL5281830,8.299988938
Cn1cc(CN2CCc3cc4nc(N)sc4cc3CC2)cn1,CHEMBL2326472,6.060480747
Cn1ccc(CN2CCc3cc4nc(N)sc4cc3CC2)n1,CHEMBL2326473,5.356547324
Cn1nc(C(=O)OC[C@@H]2CCN3CCC[C@@H]23)c2ccccc21,CHEMBL383577,5
Fc1ccc(-c2cccc(CN3CCN(c4ncccn4)CC3)c2)cc1,CHEMBL59942,7.30980392
Fc1ccc(-c2cncc(CN3CCN(c4ccc(F)cc4)CC3)c2)cc1,CHEMBL291824,7.15490196
Fc1ccc(-c2cncc(CN3CCN(c4ccccc4)CC3)c2)cc1,CHEMBL302904,7.638272164
Fc1ccc(-c2cncc(CN3CCN(c4ccccc4F)CC3)c2)cc1,CHEMBL61682,7.602059991
Fc1ccc(-c2cncc(CN3CCN(c4ccccn4)CC3)c2)cc1,CHEMBL61657,7.22184875
Fc1ccc(-c2cncc(CN3CCN(c4cnccn4)CC3)c2)cc1,CHEMBL60957,6.346787486
Fc1ccc(-c2cncc(CN3CCN(c4ncccn4)CC3)c2)cc1,CHEMBL302183,6.920818754
Fc1ccc(-c2cncc(CNC[C@H]3CCc4ccccc4O3)c2)cc1,CHEMBL220808,8.22184875
Fc1ccc(-c2noc(C3CCN(c4cnc5ccc(Cl)cc5c4)CC3)n2)c(Cl)c1,CHEMBL468176,4.301029996
Fc1ccc(C(SCCNCCCc2ccccc2)c2ccc(F)cc2)cc1,CHEMBL3126735,5.698970004
Fc1ccc(C(c2ccc(F)cc2)N2CCN(C/C=C/c3ccccc3)CC2)cc1,CHEMBL30008,6.453457337
Fc1ccc(N2CCN(CC[C@H]3CC[C@H](Nc4ncccn4)CC3)CC2)cc1,CHEMBL349034,7.102372909
Fc1ccc([Si]2(c3ccc(F)cc3)CCC(N3CCN(c4ccccc4)CC3)C2)cc1,CHEMBL134423,6.920818754
Fc1ccc2c(C3CCN(CCCOc4ccc(CCN5CCOCC5)cc4)CC3)noc2c1,CHEMBL4867978,7.946921557
Fc1cccc(-c2cccc(CN3CCN(c4ncccn4)CC3)c2)c1,CHEMBL62829,7.091514981
Fc1ccccc1-c1cccc(CN2CCN(c3ncccn3)CC2)c1,CHEMBL291380,6.602059991
N#CCO/N=C(\CCN1CCN(c2ccccn2)CC1)c1ccccc1,CHEMBL376955,5
N#Cc1ccc(CCOC(=O)N2CCN(CCCC(c3ccc(F)cc3)c3ccc(F)cc3)CC2)cc1,CHEMBL326263,5.649751982
N#Cc1ccc(CCOC(=O)NC2CCN(CCCC(c3ccc(F)cc3)c3ccc(F)cc3)CC2)cc1,CHEMBL116463,6.258848401
N#Cc1ccc(S(=O)(=O)N(CCCN2CCC(c3noc4cc(F)ccc34)CC2)C2COC2)cc1,CHEMBL4747208,8.443697499
N#Cc1ccc2[nH]cc(CCCCN3CCN(c4cccc5sccc45)CC3)c2c1,CHEMBL6040679,7.098541679
N#Cc1ccc2[nH]cc(CCCN3CCN(c4cccc5sccc45)CC3)c2c1,CHEMBL5997477,7.663540266
N#Cc1ccc2[nH]cc(CCN3CCN(c4cccc5sccc45)CC3)c2c1,CHEMBL5960725,6.614393726
N#Cc1ccc2nn(CCCCN3CCN(c4cccc5sccc45)CC3)c(=O)n2c1,CHEMBL4644391,8.987162775
N#Cc1cccc(/C(CCN2CCN(c3ccccn3)CC2)=N/O)c1,CHEMBL212847,5
N#Cc1cccc(C2CCN(CCNC(=O)C3CCOCC3)CC2)n1,CHEMBL6005497,5
N#Cc1cccc2nn(CCCCN3CCN(c4cccc5sccc45)CC3)c(=O)n12,CHEMBL4644742,7.370590401
N#Cc1cccn2c(=O)n(CCCCN3CCN(c4cccc5sccc45)CC3)nc12,CHEMBL4638430,8.823908741
N#Cc1cccnc1N1CCN(CC/C(=N/O)c2ccccc2)CC1,CHEMBL438961,5
N#Cc1cccnc1N1CCN(CC/C(=N\O)c2ccccc2)CC1,CHEMBL215670,5
N#Cc1ccn2c(=O)n(CCCCN3CCN(c4cccc5sccc45)CC3)nc2c1,CHEMBL4648979,6.835647144
NC(=O)C(c1ccccc1)(c1ccccc1)[C@@H]1CCN(CCc2ccc3c(c2)CCO3)C1,CHEMBL1346,4.600000075
NC(=O)C1CCN(CCCN2c3ccccc3Sc3ccc(Cl)cc32)CC1,CHEMBL1909072,8.392544977
NC(=O)C[S@@+]([O-])C(c1ccccc1)c1ccccc1,CHEMBL1201192,8.677780705
NC(=O)c1cc(OCCCCN2CCN(c3nsc4ccccc34)CC2)ccn1,CHEMBL4217986,7.370590401
NC(=O)c1cccc(OCCCCN2CCN(c3cccc(Cl)c3Cl)CC2)c1,CHEMBL3806169,7.259637311
NC1CCc2cc(O)c(O)cc2C1,CHEMBL26736,16.39794001
NC1CCc2cc(O)c(O)cc2[C@H]1c1ccccc1,CHEMBL110362,6
NCCCCN(C[C@H]1Cc2ccccc2CN1)[C@H]1CCCc2cccnc21,CHEMBL3091687,5.244125144
NCCCCN(C[C@H]1Cc2cccnc2CN1)[C@H]1CCCc2cccnc21,CHEMBL5076569,5
NCCCCN(C[C@H]1Cc2ncccc2CN1)[C@H]1CCCc2cccnc21,CHEMBL5070958,5.026872146
NCCCCN(Cc1nc2ccccc2[nH]1)[C@H]1CCCc2cccnc21,CHEMBL518924,5.387216143
NCCc1c[nH]c2ccc(O)cc12,CHEMBL39,12.52287875
NCCc1c[nH]c2ccc(OCC(=O)N3CCN(c4cccc5ccccc45)CC3)cc12,CHEMBL160581,6
NCCc1ccc(O)c(O)c1,CHEMBL59,14.09691001
NCCn1cc(S(=O)(=O)c2cccc(Cl)c2)c2cccnc21,CHEMBL565745,5.301029996
NCCn1cc(S(=O)(=O)c2ccccc2)c2cccnc21,CHEMBL576315,5.301029996
NC[C@H](O)c1ccc(O)c(O)c1,CHEMBL1437,13.09691001
Nc1ccc2c(c1)N(CCCCN1CCN(c3cccc4sccc34)CC1)S(=O)(=O)CC2,CHEMBL4751542,7.169989064
Nc1ccc2oc(=O)c(CN3CCCC3)cc2c1,CHEMBL3113644,4.788345599
Nc1cccc(-c2ccc(CCN3CCN(CC(=O)c4ccccc4)CC3)cc2)n1,CHEMBL40391,5
Nc1cccc(C2CCN(CCNC(=O)C3CCOCC3)CC2)n1,CHEMBL6051037,5
Nc1nc2c(CCN3CCN(c4cccc5sccc45)CC3)cccc2s1,CHEMBL6060077,6.640164518
Nc1nc2cc(CCN3CCN(c4cccc5sccc45)CC3)ccc2s1,CHEMBL5975067,8.224025669
Nc1nc2cc3c(cc2s1)CCN(C(=O)c1ccccc1)CC3,CHEMBL2326475,5
Nc1nc2cc3c(cc2s1)CCN(C1CC1)CC3,CHEMBL2326490,5.346787486
Nc1nc2cc3c(cc2s1)CCN(CC(F)(F)F)CC3,CHEMBL2326491,4.522878745
Nc1nc2cc3c(cc2s1)CCN(CCO)CC3,CHEMBL2326474,5
Nc1nc2cc3c(cc2s1)CCN(Cc1ccc(F)cc1)CC3,CHEMBL2326477,6.22184875
Nc1nc2cc3c(cc2s1)CCN(Cc1cccc(F)c1)CC3,CHEMBL2326478,6.397940009
Nc1nc2cc3c(cc2s1)CCN(Cc1ccccc1)CC3,CHEMBL2326476,5.537602002
Nc1nc2cc3c(cc2s1)CCN(Cc1ccccn1)CC3,CHEMBL2326483,5.096910013
Nc1nc2cc3c(cc2s1)CCN(Cc1cccnc1)CC3,CHEMBL2326484,5.769551079
Nc1nc2cc3c(cc2s1)CCN(Cc1ccncc1)CC3,CHEMBL2326485,5.346787486
Nc1nc2cc3c(cc2s1)CCN(Cc1cnc[nH]1)CC3,CHEMBL2326470,5.823908741
Nc1nc2cc3c(cc2s1)CCN(Cc1cnco1)CC3,CHEMBL2326468,5.602059991
Nc1nc2cc3c(cc2s1)CCN(Cc1cscn1)CC3,CHEMBL2326469,5.920818754
Nc1nc2cc3c(cc2s1)CCN(Cc1ncon1)CC3,CHEMBL2326471,5
Nc1nc2cc3c(cc2s1)CCNCC3,CHEMBL2326487,5.119186408
Nc1nc2ccc(CCN3CCN(c4cccc5sccc45)CC3)cc2s1,CHEMBL6045510,8.696803943
Nc1nc2cccc(CCN3CCN(c4cccc5sccc45)CC3)c2s1,CHEMBL5792875,8.220403509
Nn1c(CCCCN2CCN(c3ccc4ccccc4n3)CC2)nc2c(c1=O)CCCC2,CHEMBL1278088,6.259637311
O/N=C(/CCCN1CCN(c2ccccn2)CC1)c1ccc(F)cc1,CHEMBL211415,5
O/N=C(/CCN1CCN(c2ccccn2)CC1)c1cc(F)cc(F)c1,CHEMBL213518,5
O/N=C(/CCN1CCN(c2ccccn2)CC1)c1ccccc1,CHEMBL385350,5
O/N=C(/CCN1CCN(c2ccccn2)CC1)c1ccccc1Cl,CHEMBL385230,5
O/N=C(/CCN1CCN(c2ncccn2)CC1)c1ccccc1,CHEMBL212804,5
O/N=C(/CN1CCN(c2ccccn2)CC1)c1ccc(F)cc1,CHEMBL209472,5
O/N=C(\CCCN1CCN(c2ccccn2)CC1)c1ccc(F)cc1,CHEMBL209447,5
O/N=C(\CCN1CCN(c2ccccn2)CC1)c1cc(F)cc(F)c1,CHEMBL214343,5
O/N=C(\CCN1CCN(c2ccccn2)CC1)c1ccc(Cl)cc1,CHEMBL384529,5
O/N=C(\CCN1CCN(c2ccccn2)CC1)c1ccc(F)cc1,CHEMBL212902,5
O/N=C(\CCN1CCN(c2ccccn2)CC1)c1ccc(F)cc1F,CHEMBL214190,5
O/N=C(\CCN1CCN(c2ccccn2)CC1)c1cccc(Cl)c1,CHEMBL212189,5
O/N=C(\CCN1CCN(c2ccccn2)CC1)c1cccc(F)c1,CHEMBL212188,5
O/N=C(\CCN1CCN(c2ccccn2)CC1)c1ccccc1,CHEMBL214314,5
O/N=C(\CCN1CCN(c2ccccn2)CC1)c1ccccc1Cl,CHEMBL214954,5
O/N=C(\CCN1CCN(c2ncccn2)CC1)c1ccccc1,CHEMBL211972,5
O/N=C(\CCN1CCN(c2nccs2)CC1)c1ccccc1,CHEMBL212545,5
O/N=C(\CN1CCN(c2ccccn2)CC1)c1ccc(F)cc1,CHEMBL378427,5
O/N=C/c1cnn2ccc(OCCCCN3CCN(c4cccc(Cl)c4Cl)CC3)cc12,CHEMBL3287403,8.42010213
O=C(/C=C/c1ccccc1)N(c1ccccc1)C1CCN(Cc2ccccc2)CC1.O=C(O)/C=C/C(=O)O,CHEMBL112457,5
O=C(/C=C/c1ccccc1)NC1CCN(Cc2ccccc2)CC1.O=C(O)/C=C/C(=O)O,CHEMBL116233,5.327902142
O=C(C#Cc1ccccc1)N(c1ccccc1)C1CCN(Cc2ccccc2)CC1.O=C(O)/C=C/C(=O)O,CHEMBL112170,5.823908741
O=C(C#Cc1ccccc1)NC1CCN(Cc2ccccc2)CC1.O=C(O)/C=C/C(=O)O,CHEMBL113449,5.602059991
O=C(CCCCC(=O)NCCCN1CCN(C2=Nc3cc(Cl)ccc3Nc3ccccc32)CC1)NCCCN1CCN(C2=Nc3cc(Cl)ccc3Nc3ccccc32)CC1,CHEMBL2016626,7.060231225
O=C(CCCCCCC(=O)NCCCN1CCN(C2=Nc3cc(Cl)ccc3Nc3ccccc32)CC1)NCCCN1CCN(C2=Nc3cc(Cl)ccc3Nc3ccccc32)CC1,CHEMBL2016627,7.634137785
O=C(CCCCCCCCC(=O)NCCCN1CCN(C2=Nc3cc(Cl)ccc3Nc3ccccc32)CC1)NCCCN1CCN(C2=Nc3cc(Cl)ccc3Nc3ccccc32)CC1,CHEMBL2016628,7.353253287
O=C(CCCCCCCCCCC(=O)NCCCN1CCN(C2=Nc3cc(Cl)ccc3Nc3ccccc32)CC1)NCCCN1CCN(C2=Nc3cc(Cl)ccc3Nc3ccccc32)CC1,CHEMBL2016629,5.955562162
O=C(CCCCCCCCCCCCC(=O)NCCCN1CCN(C2=Nc3cc(Cl)ccc3Nc3ccccc32)CC1)NCCCN1CCN(C2=Nc3cc(Cl)ccc3Nc3ccccc32)CC1,CHEMBL2016630,4.964266362
O=C(CCCCCCCCCCCCCCCCC(=O)NCCCN1CCN(C2=Nc3cc(Cl)ccc3Nc3ccccc32)CC1)NCCCN1CCN(C2=Nc3cc(Cl)ccc3Nc3ccccc32)CC1,CHEMBL2016631,5.108951468
O=C(CCCCCCCCCCCCCCCCCCC(=O)NCCCN1CCN(C2=Nc3cc(Cl)ccc3Nc3ccccc32)CC1)NCCCN1CCN(C2=Nc3cc(Cl)ccc3Nc3ccccc32)CC1,CHEMBL2016632,5
O=C(CCCCN1CCC(c2noc3cc(F)ccc23)CC1)c1cc2c3c(c1)CCN3C(=O)CC2,CHEMBL4293999,8.044793462
O=C(CCCN1CC=C(n2c(=O)[nH]c3ccccc32)CC1)c1ccc(F)cc1,CHEMBL1108,8.61852391
O=C(CCCN1CCC(O)(c2ccc(Cl)cc2)CC1)c1ccc(F)cc1,CHEMBL54,7.008189394
O=C(CCCN1CCC2(CC1)C(=O)NCN2c1ccccc1)c1ccc(F)cc1,CHEMBL267930,9.009513149
O=C(CCCN1CCN(c2cccc(C(F)(F)F)c2)CC1)NCc1nc2cc(F)ccc2c(=O)n1-c1ccccc1,CHEMBL261019,5.180456064
O=C(CCCN1CCN(c2cccc(Cl)c2Cl)CC1)N1C=CN(C2CCCCC2)C(=O)C1,CHEMBL5280677,6.959991364
O=C(CCCN1CCN(c2cccc(Cl)c2Cl)CC1)N1C=CN(Cc2ccccc2)C(=O)C1,CHEMBL5266395,5.860001342
O=C(CN1CCN(Cc2ccc(Cl)cc2)CC1)N1CCc2ccccc21,CHEMBL69584,6.161150909
O=C(CN1CCN(c2ccc(Cl)cn2)CC1)Nc1cccnc1,CHEMBL4591118,4.062396862
O=C(CN1CCN(c2ccc(Cl)cn2)CC1)Nc1cncnc1,CHEMBL4456754,4.13956616
O=C(CN1CCN(c2ccccn2)CC1)Nc1cccnc1,CHEMBL4592753,4
O=C(CN1CCN(c2ccccn2)CC1)Nc1cncnc1,CHEMBL4453069,4.025695602
O=C(CNC(=O)c1cccc(C(F)(F)F)c1)N[C@@H]1CCN(CCC2CCN(C(=O)c3cc(F)ccc3F)CC2)C1,CHEMBL1092921,5
O=C(CNC(=O)c1cccc(C(F)(F)F)c1)N[C@@H]1CCN(CCC2CCN(C(=O)c3ccccc3)CC2)C1,CHEMBL1092929,5
O=C(CNC(=O)c1cccc(C(F)(F)F)c1)N[C@@H]1CCN(CCC2CCN(C(=O)c3ccccc3Cl)CC2)C1,CHEMBL1088874,5
O=C(CNC(=O)c1cccc(C(F)(F)F)c1)N[C@@H]1CCN(CCC2CCN(C(=O)c3ccccc3F)CC2)C1,CHEMBL1089881,5
O=C(CNC(=O)c1cccc(C(F)(F)F)c1)N[C@@H]1CCN(CCN2CCN(C(=O)c3cc(F)ccc3F)CC2)C1,CHEMBL1089793,5
O=C(CNC(=O)c1cccc(C(F)(F)F)c1)N[C@@H]1CCN(CCN2CCN(C(=O)c3ccccc3)CC2)C1,CHEMBL1093469,5
O=C(CNC(=O)c1cccc(C(F)(F)F)c1)N[C@@H]1CCN(CCN2CCN(C(=O)c3ccccc3Cl)CC2)C1,CHEMBL1092238,5
O=C(CNC(=O)c1cccc(C(F)(F)F)c1)N[C@@H]1CCN(CCN2CCN(C(=O)c3ccccc3F)CC2)C1,CHEMBL1093802,5
O=C(Cn1c(CCCN2CCN(c3cccc(Cl)c3Cl)CC2)nc2cc(Br)c(Br)cc21)NC1CCCCC1,CHEMBL5275349,5.420000453
O=C(Cn1c(CCCN2CCN(c3cccc(Cl)c3Cl)CC2)nc2cc(Br)c(Br)cc21)NCc1ccccc1,CHEMBL5278601,8.659952682
O=C(Cn1c(CCCN2CCN(c3cccc(Cl)c3Cl)CC2)nc2ccccc21)NC1CCCCC1,CHEMBL5280979,5.039999924
O=C(Cn1c(CCCN2CCN(c3cccc(Cl)c3Cl)CC2)nc2ccccc21)NCc1ccccc1,CHEMBL5288557,4.869999962
O=C(NC/C=C/CN1CCN(c2cccc(Cl)c2Cl)CC1)c1cc2ccccc2o1,CHEMBL366904,6.954677021
O=C(NC/C=C/CN1CCN(c2cccc(Cl)c2Cl)CC1)c1cc2ccccc2s1,CHEMBL175734,6.595166283
O=C(NC/C=C/CN1CCN(c2cccc(Cl)c2Cl)CC1)c1ccc(-c2cccc(=O)[nH]2)cc1,CHEMBL244562,7.387216143
O=C(NC/C=C/CN1CCN(c2cccc(Cl)c2Cl)CC1)c1ccc(-c2cccc[n+]2[O-])cc1,CHEMBL244774,7.640164518
O=C(NC/C=C/CN1CCN(c2cccc(Cl)c2Cl)CC1)c1ccc(-c2ccccn2)cc1,CHEMBL180010,7.092051478
O=C(NC/C=C/CN1CCN(c2cccc(Cl)c2Cl)CC1)c1ccc(I)cc1,CHEMBL180060,6.790484985
O=C(NC/C=C/CN1CCN(c2cccc(Cl)c2Cl)CC1)c1ccc(O)cc1,CHEMBL195057,8.081445469
O=C(NC/C=C/CN1CCN(c2cccc(Cl)c2Cl)CC1)c1ccc([N+](=O)[O-])cc1,CHEMBL194493,7.860120914
O=C(NC/C=C/CN1CCN(c2cccc(Cl)c2Cl)CC1)c1ccccc1,CHEMBL71327,7.793174124
O=C(NC/C=C\CN1CCN(c2cccc(Cl)c2Cl)CC1)c1ccccc1,CHEMBL71865,8.125518182
O=C(NC1CC1)c1cc(OCCCCN2CCC(c3noc4cc(F)ccc34)CC2)ccn1,CHEMBL4212622,7.271646218
O=C(NC1CC1)c1cc(OCCCCN2CCN(c3nsc4ccccc34)CC2)ccn1,CHEMBL4202871,7.185752404
O=C(NC1CC1)c1ccnc(OCCCCN2CCC(c3noc4cc(F)ccc34)CC2)c1,CHEMBL4210128,7.286509457
O=C(NC1CC1)c1cncc(OCCCCN2CCC(c3noc4cc(F)ccc34)CC2)c1,CHEMBL4217039,7.37161107
O=C(NCC(O)CCN1CCN(c2cccc(Cl)c2Cl)CC1)c1ccc(-c2ccccn2)cc1,CHEMBL390253,7.054039296
O=C(NCCC(O)CN1CCN(c2cccc(Cl)c2Cl)CC1)c1cc2ccccc2[nH]1,CHEMBL1627305,5.356547324
O=C(NCCC(O)CN1CCN(c2cccc(Cl)c2Cl)CC1)c1ccc(-c2ccccn2)cc1,CHEMBL244990,7.801342913
O=C(NCCC(O)CN1CCN(c2cccc3ccccc23)CC1)c1cnc2ccccc2c1,CHEMBL3597636,6.142667504
O=C(NCCCCN1CCN(c2cccc(C(F)(F)F)c2)CC1)c1cn2ccccc2n1,CHEMBL3322995,7.22184875
O=C(NCCCCN1CCN(c2cccc(Cl)c2Cl)CC1)c1cc2cc(F)ccc2[nH]1,CHEMBL68740,6.248412995
O=C(NCCCCN1CCN(c2cccc(Cl)c2Cl)CC1)c1cc2ccccc2o1,CHEMBL139926,6.928117993
O=C(NCCCCN1CCN(c2cccc(Cl)c2Cl)CC1)c1cc2ccccc2s1,CHEMBL59725,7.023650021
O=C(NCCCCN1CCN(c2cccc(Cl)c2Cl)CC1)c1ccc(-c2ccccn2)cc1,CHEMBL69451,7.036212173
O=C(NCCCCN1CCN(c2cccc(Cl)c2Cl)CC1)c1ccc(I)cc1,CHEMBL302374,7.256490235
O=C(NCCCCN1CCN(c2cccc(Cl)c2Cl)CC1)c1ccc2c(c1)Cc1ccccc1-2,CHEMBL300780,5.89279003
O=C(NCCCCN1CCN(c2cccc(Cl)c2Cl)CC1)c1cccc2c1-c1ccccc1C2=O,CHEMBL301242,7.600326279
O=C(NCCCCN1CCN(c2cccc(Cl)c2Cl)CC1)c1cn2ccccc2n1,CHEMBL3322994,7.309508582
O=C(NCCCCN1CCN(c2cccc(Cl)c2Cl)CC1)c1cnc2ccccc2n1,CHEMBL262724,7.115204636
O=C(NCCCCN1CCN(c2cccc3ccccc23)CC1)c1cc2ccccc2[nH]1,CHEMBL3597643,7.060480747
O=C(NCCCCN1CCN(c2cccc3ccccc23)CC1)c1cnc2ccccc2c1,CHEMBL3597635,7.537602002
O=C(NCCCCN1CCN(c2ccnc3ccccc23)CC1)c1cn2ccccc2n1,CHEMBL3322998,6.793174124
O=C(NCCCCN1CCN(c2ncnc3ccccc23)CC1)c1cn2ccccc2n1,CHEMBL3323003,6.605548319
O=C(NCCN1CC=C(c2cccc(C(F)(F)F)n2)CC1)C1CCC(F)(F)CC1,CHEMBL6030256,6.447331784
O=C(NCCN1CC=C(c2cccc(C(F)(F)F)n2)CC1)C1CCCOC1,CHEMBL5962159,5.772627558
O=C(NCCN1CC=C(c2cccc(C(F)(F)F)n2)CC1)C1CCOCC1,CHEMBL5871654,5
O=C(NCCN1CCC(c2cccc(C(F)(F)F)n2)CC1)C1CCC(F)(F)CC1,CHEMBL5798159,5.941573976
O=C(NCCN1CCC(c2cccc(C(F)(F)F)n2)CC1)C1CCCO1,CHEMBL5769381,5.477947199
O=C(NCCN1CCC(c2cccc(C(F)(F)F)n2)CC1)C1CCCOC1,CHEMBL5766436,5
O=C(NCCN1CCC(c2cccc(C(F)(F)F)n2)CC1)C1CCOC1,CHEMBL6003636,5
O=C(NCCN1CCC(c2cccc(C(F)(F)F)n2)CC1)C1CCOCC1,CHEMBL6051413,5
O=C(NCCN1CCC(c2cccc(C(F)(F)F)n2)CC1)[C@H]1C[C@@H]2CC[C@H]1O2,CHEMBL5947240,5.663540266
O=C(NCCN1CCC(c2cccc(C(F)F)n2)CC1)C1CCOCC1,CHEMBL5917824,5
O=C(NCCN1CCC(c2cccc(F)n2)CC1)C1CCOCC1,CHEMBL5951076,5
O=C(NCCN1CCC(c2cccc(OC(F)(F)F)n2)CC1)C1CCOCC1,CHEMBL5950738,5.606951534
O=C(NCCN1CCC(n2c(=O)[nH]c3cc(Cl)ccc32)CC1)c1ccc(F)cc1,CHEMBL245621,8.15490196
O=C(NCCN1CCC(n2c(=O)[nH]c3ccccc32)C(F)C1)c1ccc(F)c(F)c1,CHEMBL3357315,5
O=C(NC[C@@H]1CCCN1CCc1ccccc1)C1CCCCC1,CHEMBL82884,6
O=C(NC[C@@H]1CCCN1CCc1ccccc1)c1ccccc1,CHEMBL147279,6
O=C(NC[C@@H]1CCN2CCC[C@@H]12)c1cc(Cl)cn2ccnc12,CHEMBL202434,5
O=C(NC[C@H]1CCCN1CCc1ccccc1)C1CCCCC1,CHEMBL82652,6
O=C(NC[C@H]1CCCN1CCc1ccccc1)c1ccccc1,CHEMBL147226,6
O=C(NC[C@H]1C[C@@H]1CN1CCN(c2cccc(Cl)c2Cl)CC1)c1ccc(-c2ccccn2)cc1,CHEMBL231156,6.172630727
O=C(N[C@H]1CC[C@H](CCN2CCN(c3nsc4ccccc34)CC2)CC1)c1ccco1,CHEMBL3946995,7.211478113
O=C(Nc1ccc(OC(F)F)nc1)NC1CCN(c2ncnc3c2nc(-c2ccccc2Cl)n3-c2ccc(Cl)cc2)CC1,CHEMBL4563408,5
O=C(Nc1ccc(Oc2cccnc2)nc1)c1c[nH]c2ccccc12,CHEMBL479952,5
O=C(Nc1ccc(Oc2cccnc2Cl)nc1)c1c[nH]c2ccccc12,CHEMBL516452,5
O=C(Nc1ccc2[nH]cc(C3CCN(CCCCCCCN4CCC(c5c[nH]c6ccc(NC(=O)c7ccc(F)cc7)cc56)CC4)CC3)c2c1)c1ccc(F)cc1,CHEMBL503468,6.15490196
O=C(Nc1cccc(SC(F)(F)F)c1)N1CCC(N2CCC(n3c(=O)[nH]c4c(F)cccc43)CC2)CC1,CHEMBL487788,5.958607315
O=C(Nc1cccc(SC(F)(F)F)c1)N1CCC(N2CCC(n3c(=O)[nH]c4cc(Cl)ccc43)CC2)CC1,CHEMBL487986,5
O=C(Nc1cccc(SC(F)(F)F)c1)N1CCC(N2CCC(n3c(=O)[nH]c4ccc(F)cc43)CC2)CC1,CHEMBL487985,5.721246399
O=C(OCCc1ccc(F)cc1)N1CCN(CCCC(c2ccc(F)cc2)c2ccc(F)cc2)CC1,CHEMBL325516,5.581698709
O=C(OC[C@@H]1CCN2CCC[C@@H]12)c1[nH]nc2ccccc12,CHEMBL201878,5
O=C(OC[C@@H]1CCN2CCC[C@@H]12)c1c[nH]c2ccccc12,CHEMBL201946,5
O=C(c1cc2ccccc2[nH]1)N1CCN(CCOc2ccc(Br)cc2)CC1,CHEMBL4581907,4
O=C(c1cc2ccccc2[nH]1)N1CCN(CCOc2ccc(Cl)cc2)CC1,CHEMBL4574586,4.301029996
O=C(c1cc2ccccc2[nH]1)N1CCN(CCOc2ccc(F)cc2)CC1,CHEMBL4456795,5.013228266
O=C(c1cc2ccccc2[nH]1)N1CCN(CCOc2ccc(OC(F)(F)F)cc2)CC1,CHEMBL4471346,4
O=C(c1cc2ccccc2[nH]1)N1CCN(CCOc2ccc3[nH]ccc3c2)CC1,CHEMBL4550539,6.356547324
O=C(c1cc2ccccc2[nH]1)N1CCN(CCOc2ccc3c(c2)OCO3)CC1,CHEMBL4578060,4.301029996
O=C(c1cc2ccccc2[nH]1)N1CCN(CCOc2ccc3cc[nH]c3c2)CC1,CHEMBL5953233,6.356547324
O=C(c1cc2ccccc2[nH]1)N1CCN(CCOc2ccccc2)CC1,CHEMBL4574338,6.271646218
O=C(c1cc2ccccc2[nH]1)N1CCN(CCOc2ccccn2)CC1,CHEMBL4522768,4
O=C(c1cc2ccccc2[nH]1)N1CCN(CCOc2ccncc2)CC1,CHEMBL4585651,4
O=C(c1cc2ccccc2s1)N1CCN(CCOc2cccnc2)CC1,CHEMBL4470996,5.677780705
O=C(c1ccc(OCCN2CCCCC2)cc1)c1c(-c2ccc(O)cc2)sc2cc(O)ccc12,CHEMBL81,5.930331903
O=C(c1ccc[nH]1)N1CCN(CCOc2cccnc2)CC1,CHEMBL4525545,4
O=C(c1ccccc1)N(CCCN1CCC(c2noc3cc(F)ccc23)CC1)C1COC1,CHEMBL4749144,6.806875402
O=C(c1ccccc1)N(CCCN1CCC(c2noc3cc(F)ccc23)CC1)CC1CC1,CHEMBL4751911,7.966576245
O=C(c1ccccc1)N(CCCN1CCN(c2cccc(Cl)c2Cl)CC1)C1COC1,CHEMBL4800286,5.726304412
O=C(c1ccccc1)N(CCCN1CCN(c2cccc(Cl)c2Cl)CC1)CC1CC1,CHEMBL4777207,6.337998121
O=C1C2CC(O)C(O)CC2C(=O)N1CCCCN1CCN(c2cccc3sccc23)CC1,CHEMBL4280084,8.026872146
O=C1C2CC=CCC2C(=O)N1CCCCN1CCN(c2cccc3sccc23)CC1,CHEMBL4287980,8.070581074
O=C1C2CCCC2C(=O)N1CCCCN1CCN(c2cccc3sccc23)CC1,CHEMBL4291387,7.886056648
O=C1C2CCCCC2C(=O)N1CCCCN1CCN(c2cccc3sccc23)CC1,CHEMBL4283546,8.366531544
O=C1CC(c2ccc(F)cc2)Oc2cc(OCCCCN3CCC(c4noc5cc(F)ccc45)CC3)cc(O)c21,CHEMBL5901723,7.057000407
O=C1CC2(CCCC2)CC(=O)N1CCCCN1CCN(c2cccc3sccc23)CC1,CHEMBL4294617,7.612610174
O=C1CC2(CCCC2)CC(=O)N1CCCCN1CCN(c2ncccn2)CC1,CHEMBL49,6.490797478
O=C1CC2(CCCC2)CC(=O)N1CCCCNCC1COc2ccccc2C1,CHEMBL11425,7.169989064
O=C1CC2(CCCCC2)CC(=O)N1CCCCN1CCN(c2cccc3sccc23)CC1,CHEMBL4295055,7.958607315
O=C1CCc2cc(CCCCN3CCC(c4cccc5sccc45)CC3)ccc2N1,CHEMBL5753450,7.005243055
O=C1CCc2cc(CCCCN3CCN(c4cccc5sc(F)cc45)CC3)ccc2N1,CHEMBL5851827,9.161150909
O=C1CCc2cc(CCCCN3CCN(c4cccc5sccc45)CC3)ccc2N1,CHEMBL5890339,7.621602099
O=C1CCc2cc(CCN3CCC(c4cccc5sccc45)CC3)ccc2N1,CHEMBL5832082,7.906578315
O=C1CCc2cc(CCN3CCN(c4cccc5sc(F)cc45)CC3)ccc2N1,CHEMBL5900385,8.406049705
O=C1CCc2cc(Cl)c(CCN3CCN(c4cccc5sccc45)CC3)cc2N1,CHEMBL5985170,7.090443971
O=C1CCc2ccc(C(O)CCCCN3CCN(c4cccc5sccc45)CC3)cc2N1,CHEMBL5925148,8.342944147
O=C1CCc2ccc(CCCCN3CCN(c4cccc5sccc45)CC3)cc2N1,CHEMBL5850619,8.665546249
O=C1CCc2ccc(CCN3CCC(c4cccc5sccc45)CC3)cc2N1,CHEMBL5885759,8.050609993
O=C1CCc2ccc(CCN3CCN(c4cc(F)cc5sccc45)CC3)cc2N1,CHEMBL6007113,8.274088368
O=C1CCc2ccc(CCN3CCN(c4cccc5sc(F)cc45)CC3)cc2N1,CHEMBL5988023,8.79832982
O=C1CCc2ccc(CCN3CCN(c4cccc5sccc45)CC3)cc2N1,CHEMBL5771063,8.265600257
O=C1CCc2ccc(OCCCCN3CCN(c4cccc(Cl)c4Cl)CC3)cc2N1,CHEMBL1112,7.795405267
O=C1COc2c(F)cc(CCCCN3CCN(c4cccc5sccc45)CC3)cc2N1,CHEMBL6018186,8.158890916
O=C1COc2c(F)cc(CCN3CCN(c4cccc5sccc45)CC3)cc2N1,CHEMBL5742054,7.099086932
O=C1COc2cc(F)c(CCN3CCN(c4cccc5sccc45)CC3)cc2N1,CHEMBL5836244,7.209714836
O=C1COc2ccc(CCCCN3CCN(c4cccc5sccc45)CC3)cc2N1,CHEMBL5762563,7.519993057
O=C1COc2ccc(CCN3CCC(c4cccc5sccc45)CC3)cc2N1,CHEMBL5909924,8.166852888
O=C1COc2ccc(CCN3CCN(c4cc(F)cc5sccc45)CC3)cc2N1,CHEMBL5766708,7.341035157
O=C1COc2ccc(CCN3CCN(c4cccc5sccc45)CC3)cc2N1,CHEMBL5839359,7.465973894
O=C1COc2ccc(OCCCCN3CCN(c4cccc(Cl)c4Cl)CC3)cc2N1,CHEMBL5095172,8.707743929
O=C1COc2ccccc2N1CCCCN1CCN(c2cccc3sccc23)CC1,CHEMBL4741908,6.665546249
O=C1CSc2ccc(CCN3CCN(c4cccc5sccc45)CC3)cc2N1,CHEMBL5830827,7.032920266
O=C1Cc2c(CCN3CCN(c4cccc5sccc45)CC3)cccc2N1,CHEMBL5849312,7.156144577
O=C1Cc2cc(C(O)CN3CCN(c4cccc5sccc45)CC3)ccc2N1,CHEMBL5757494,6.716698771
O=C1Cc2cc(CCCCN3CCN(c4cccc5sc(F)cc45)CC3)ccc2N1,CHEMBL5923077,8.804100348
O=C1Cc2cc(CCCCN3CCN(c4cccc5sccc45)CC3)ccc2N1,CHEMBL5787863,7.55129368
O=C1Cc2cc(CCN3CCC(c4cccc5sccc45)CC3)c(Cl)cc2N1,CHEMBL5807174,7.284832642
O=C1Cc2cc(CCN3CCC(c4cccc5sccc45)CC3)ccc2N1,CHEMBL6048629,7.962573502
O=C1Cc2cc(CCN3CCN(c4cc(F)cc5sccc45)CC3)ccc2N1,CHEMBL5774536,7.962573502
O=C1Cc2cc(CCN3CCN(c4cccc5c4CCS5)CC3)c(Cl)cc2N1,CHEMBL5949626,7.244887734
O=C1Cc2cc(CCN3CCN(c4cccc5ccccc45)CC3)ccc2N1,CHEMBL54786,7.356547324
O=C1Cc2cc(CCN3CCN(c4cccc5sc(F)cc45)CC3)c(Cl)cc2N1,CHEMBL5858241,7.214670165
O=C1Cc2cc(CCN3CCN(c4cccc5sc(F)cc45)CC3)ccc2N1,CHEMBL5945545,8.596022036
O=C1Cc2cc(CCN3CCN(c4cccc5sccc45)CC3)c(Cl)cc2N1,CHEMBL5995642,7.88941029
O=C1Cc2cc(CCN3CCN(c4cccc5sccc45)CC3)ccc2N1,CHEMBL5984307,8.054039296
O=C1Cc2cc(CCN3CCN(c4cncc5sccc45)CC3)c(Cl)cc2N1,CHEMBL5927943,6.568636236
O=C1Cc2cc(CCN3CCN(c4nsc5ccccc45)CC3)c(Cl)cc2N1,CHEMBL708,8.301029996
O=C1NCC(=O)N(CCCCN2CCN(c3cccc4sccc34)CC2)c2cc(F)ccc21,CHEMBL4763837,7.460046158
O=C1NCCN(C(=O)CCCN2CCN(c3cccc(Cl)c3Cl)CC2)C1C(=O)NC1CCCCC1,CHEMBL5269858,5.480000159
O=C1NCCN(C(=O)CCCN2CCN(c3cccc(Cl)c3Cl)CC2)C1C(=O)NCc1ccccc1,CHEMBL5283891,8.940058112
O=C1NCN(c2ccccc2)C12CCN(Cc1ccc3c(c1)OCO3)CC2,CHEMBL326962,6.254144805
O=C1NCN(c2ccccc2)C12CCN(Cc1ccc3nsnc3c1)CC2,CHEMBL325750,6.910094889
O=C1NCN(c2ccccc2)C12CCN(Cc1cccc(Oc3ccccc3)c1)CC2,CHEMBL115280,6.269217724
O=C1N[C@@H]2[C@@H](CS[C@@H]2CCCCCN2CCN(c3cccc4sccc34)CC2)N1,CHEMBL5925470,7.42136079
O=C1Nc2ccccc2OC1CCN1CCN(c2cccc3sccc23)CC1,CHEMBL5758208,6.943095149
O=C1[C@@H]2[C@@H]3C[C@@H]([C@@H](O)[C@H]3O)[C@@H]2C(=O)N1CCCCN1CCN(c2cccc3sccc23)CC1,CHEMBL4279645,7.850780887
O=C1[C@@H]2[C@H](C(=O)N1CCCCCN1CCN(c3cccc4sccc34)CC1)[C@H]1C=C[C@@H]2C1,CHEMBL4282051,7.552841969
O=C1[C@@H]2[C@H](C(=O)N1CCCCN1CCN(c3cccc4c3OC(F)(F)O4)CC1)[C@H]1C=C[C@@H]2C1,CHEMBL4293718,8.698970004
O=C1[C@@H]2[C@H](C(=O)N1CCCCN1CCN(c3cccc4c3OCCO4)CC1)[C@H]1C=C[C@@H]2C1,CHEMBL4285839,8.008773924
O=C1[C@@H]2[C@H](C(=O)N1CCCCN1CCN(c3cccc4ccsc34)CC1)[C@H]1C=C[C@@H]2C1,CHEMBL4278581,8.27572413
O=C1[C@@H]2[C@H](C(=O)N1CCCCN1CCN(c3cccc4sc(F)cc34)CC1)[C@H]1C=C[C@@H]2C1,CHEMBL4289238,8.602059991
O=C1[C@@H]2[C@H](C(=O)N1CCCCN1CCN(c3cccc4sccc34)CC1)[C@H]1C=C[C@@H]2C1,CHEMBL4277101,8.193820026
O=C1[C@@H]2[C@H](C(=O)N1CCCCN1CCN(c3cccc4scnc34)CC1)[C@H]1C=C[C@@H]2C1,CHEMBL4287752,8.017728767
O=C1[C@@H]2[C@H](C(=O)N1CCCCN1CCN(c3nsc4ccccc34)CC1)[C@H]1C=C[C@@H]2C1,CHEMBL4277532,8.37675071
O=C1[C@@H]2[C@H](C(=O)N1CCCN1CCN(c3cccc4sccc34)CC1)[C@H]1C=C[C@@H]2C1,CHEMBL4292655,7.48945499
O=C1[C@@H]2[C@H](C(=O)N1CCN1CCN(c3cccc4sccc34)CC1)[C@H]1C=C[C@@H]2C1,CHEMBL4285479,6.924453039
O=C1[C@@H]2[C@H]3CC[C@H](C3)[C@@H]2C(=O)N1CCCCN1CCC(c2noc3cc(F)ccc23)CC1,CHEMBL4280940,8.318758763
O=C1[C@@H]2[C@H]3CC[C@H](C3)[C@@H]2C(=O)N1CCCCN1CCN(c2ccc3ccsc3c2)CC1,CHEMBL4292250,7.095825632
O=C1[C@@H]2[C@H]3CC[C@H](C3)[C@@H]2C(=O)N1CCCCN1CCN(c2cccc3sccc23)CC1,CHEMBL4284346,8.214670165
O=C1c2ccc(Cl)cc2C(=O)N1CCCCN1CCN(c2cccc3sccc23)CC1,CHEMBL4283369,6.26520017
O=C1c2ccc(F)cc2C(=O)N1CCCCN1CCN(c2cccc3sccc23)CC1,CHEMBL4277751,6.671620397
O=C1c2cccc(Cl)c2C(=O)N1CCCCN1CCN(c2cccc3sccc23)CC1,CHEMBL4288388,7.521433504
O=C1c2cccc(F)c2C(=O)N1CCCCN1CCN(c2cccc3sccc23)CC1,CHEMBL4286905,7.419075024
O=C1c2ccccc2C(=O)N1CCCCN1CCN(c2cccc3sccc23)CC1,CHEMBL4294797,6.882728704
O=Cc1cc2cc(OCCCCN3CCN(c4cccc(Cl)c4Cl)CC3)ccn2n1,CHEMBL3287402,7.594824454
O=Cc1cnn2ccc(OCCCCN3CCN(c4cccc(Cl)c4Cl)CC3)cc12,CHEMBL3287397,6.441843646
O=S(=O)(CCCOCCc1ccccc1)CCNCCc1ccc(O)c2nc(O)sc12,CHEMBL82663,7
O=S(=O)(c1ccc(C(F)(F)F)cc1)N(CCCN1CCC(c2noc3cc(F)ccc23)CC1)C1COC1,CHEMBL4746981,8.638272164
O=S(=O)(c1ccc(Cl)cc1)N(CCCN1CCC(c2noc3cc(F)ccc23)CC1)C1COC1,CHEMBL4759817,8.698970004
O=S(=O)(c1ccc(F)cc1)N(CCCN1CCC(c2noc3cc(F)ccc23)CC1)C1COC1,CHEMBL4787495,8.522878745
O=S(=O)(c1ccccc1)N(CCCN1CCC(c2noc3cc(F)ccc23)CC1)C1COC1,CHEMBL4776840,8.721246399
O=S1(=O)CCc2ccc(O)cc2N1CCCCN1CCN(c2cccc3sccc23)CC1,CHEMBL4759331,7.7000571
O=S1(=O)NCCc2ccc(CCN3CCN(c4cccc5sccc45)CC3)cc21,CHEMBL5916019,7.844663963
O=[N+]([O-])c1cc(O)c2c(c1)S(=O)(=O)N=C(Nc1ccccc1Oc1ccccc1)N2,CHEMBL399203,5.494850022
O=c1[nH]c(=O)n(CCCCN2CCN(c3cccc4sccc34)CC2)c2ccccc12,CHEMBL4777475,7.540004744
O=c1[nH]c(CCN2CCN(c3cccc4sccc34)CC2)nc2ccccc12,CHEMBL5803897,6.665546249
O=c1[nH]c2c(F)cccc2n1C1CCN(C2CCN(Cc3ccccc3C(F)(F)F)CC2)CC1,CHEMBL521914,5
O=c1[nH]c2c(F)cccc2n1C1CCN(C2CCN(S(=O)(=O)c3ccccc3)CC2)CC1,CHEMBL486758,5
O=c1[nH]c2c(O)ccc([C@@H](O)CNCCCOCCNCCc3cccc(Cl)c3)c2s1,CHEMBL1807872,5.599999383
O=c1[nH]c2c(O)ccc([C@@H](O)CNCCCOCCNCCc3cccc(Cl)c3Cl)c2s1,CHEMBL1807873,5.700000504
O=c1[nH]c2c(O)ccc([C@@H](O)CNCCCOCCOCCc3cccc4ccccc34)c2s1,CHEMBL1807822,6
O=c1[nH]c2c(O)ccc([C@@H](O)CNCCCOCCOCCc3ccccc3)c2s1,CHEMBL1807821,6.099999035
O=c1[nH]c2c(O)ccc([C@@H](O)CNCCCSCCCOCCc3ccccc3)c2s1,CHEMBL1807819,6.199998172
O=c1[nH]c2c(O)ccc([C@@H](O)CNCCCSCCNCCc3cccc(Cl)c3)c2s1,CHEMBL1807869,5.800000875
O=c1[nH]c2c(O)ccc([C@@H](O)CNCCCSCCNCCc3cccc(Cl)c3Cl)c2s1,CHEMBL1807871,6
O=c1[nH]c2c(O)ccc([C@@H](O)CNCCCSCCNCCc3ccccc3Cl)c2s1,CHEMBL1807870,6
O=c1[nH]c2c(O)ccc([C@@H](O)CNCCCSCCOCCc3cccc4ccccc34)c2s1,CHEMBL1807820,6.699991797
O=c1[nH]c2c(O)ccc([C@@H](O)CNCCCSCCOCCc3ccccc3)c2s1,CHEMBL1807818,6
O=c1[nH]c2c(O)ccc([C@@H](O)CNCCCc3cccc(CNCCc4c(Cl)cccc4Cl)c3)c2s1,CHEMBL1945296,7.100015437
O=c1[nH]c2c(O)ccc([C@@H](O)CNCCOCCCNCCc3cccc(Cl)c3)c2s1,CHEMBL1807832,5.499999679
O=c1[nH]c2c(O)ccc([C@@H](O)CNCCOc3cccc(CNCCc4ccccc4F)c3)c2s1,CHEMBL1945298,6.399996913
O=c1[nH]c2c(O)ccc([C@@H](O)CNCCS(=O)(=O)CCCNCCc3cccc(Cl)c3)c2s1,CHEMBL1807831,6.099999035
O=c1[nH]c2c(O)ccc([C@@H](O)CNCCSCCCNCCc3cccc(C(F)(F)F)c3)c2s1,CHEMBL1807826,6.299997603
O=c1[nH]c2c(O)ccc([C@@H](O)CNCCSCCCNCCc3cccc(Cl)c3)c2s1,CHEMBL1807827,6.099999035
O=c1[nH]c2c(O)ccc([C@@H](O)CNCCSCCCNCCc3cccc(Cl)c3Cl)c2s1,CHEMBL1807829,6.399996913
O=c1[nH]c2c(O)ccc([C@@H](O)CNCCSCCCNCCc3ccccc3)c2s1,CHEMBL1807823,5.400000186
O=c1[nH]c2c(O)ccc([C@@H](O)CNCCSCCCNCCc3ccccc3Cl)c2s1,CHEMBL1807828,5.800000875
O=c1[nH]c2c(O)ccc([C@@H](O)CNCCSCCCOCCc3ccccc3)c2s1,CHEMBL1807817,6
O=c1[nH]c2c(O)ccc([C@@H](O)CNCC[S+]([O-])CCCNCCc3cccc(Cl)c3)c2s1,CHEMBL1807830,5.499999679
O=c1[nH]c2c(O)ccc([C@@H](O)CNCCc3ccc(CNCCc4c(Cl)cccc4Cl)cc3)c2s1,CHEMBL1944689,6
O=c1[nH]c2c(O)ccc([C@@H](O)CNCCc3ccc(CNCCc4ccccc4)cc3)c2s1,CHEMBL1944695,5.700000504
O=c1[nH]c2c(O)ccc([C@@H](O)CNCCc3ccc(CNCCc4ccccc4F)cc3)c2s1,CHEMBL1944692,5.700000504
O=c1[nH]c2c(O)ccc([C@@H](O)CNCCc3ccc(CNCCc4ccccn4)cc3)c2s1,CHEMBL1945034,5.599999383
O=c1[nH]c2c(O)ccc([C@@H](O)CNCCc3cccc(CN4CCCC4)c3)c2s1,CHEMBL1945294,5.499999679
O=c1[nH]c2c(O)ccc([C@@H](O)CNCCc3cccc(CNCCCc4ccccc4)c3)c2s1,CHEMBL1945037,6.499996932
O=c1[nH]c2c(O)ccc([C@@H](O)CNCCc3cccc(CNCCCc4ccccn4)c3)c2s1,CHEMBL1945038,5.599999383
O=c1[nH]c2c(O)ccc([C@@H](O)CNCCc3cccc(CNCCc4c(Cl)cccc4Cl)c3)c2s1,CHEMBL1947157,6.599997654
O=c1[nH]c2c(O)ccc([C@@H](O)CNCCc3cccc(CNCCc4ccccc4Cl)c3)c2s1,CHEMBL1944690,6.199998172
O=c1[nH]c2c(O)ccc([C@@H](O)CNCCc3cccc(CNCCc4ccccc4F)c3)c2s1,CHEMBL1944691,6.399996913
O=c1[nH]c2c(O)ccc([C@@H](O)CNCCc3cccc(CNCCc4ccccn4)c3)c2s1,CHEMBL1945033,5.800000875
O=c1[nH]c2c(O)ccc([C@@H](O)CNCCc3cccc(CNCc4ccccc4Cl)c3)c2s1,CHEMBL1945041,6.599997654
O=c1[nH]c2c(O)ccc([C@@H](O)CNCCc3cccc(CNCc4ccccc4F)c3)c2s1,CHEMBL1945042,6.199998172
O=c1[nH]c2c(O)ccc([C@@H](O)CNCCc3cccc(CNCc4ccccn4)c3)c2s1,CHEMBL1945043,5.300000202
O=c1[nH]c2c(O)ccc([C@@H](O)CNCCc3ccccc3CNCCc3ccccc3F)c2s1,CHEMBL1945035,6.099999035
O=c1[nH]c2cc(Br)ccc2n1C1CCN(C2CCN(S(=O)(=O)c3ccccc3)CC2)CC1,CHEMBL487984,5.568636236
O=c1[nH]c2cc(Cl)ccc2n1C1CCN(C2CCN(S(=O)(=O)c3ccccc3)CC2)CC1,CHEMBL521030,5.638272164
O=c1[nH]c2cc(F)ccc2n1C1CCN(C2CCN(Cc3ccccc3C(F)(F)F)CC2)CC1,CHEMBL489576,5.57024772
O=c1[nH]c2cc(F)ccc2n1C1CCN(C2CCN(S(=O)(=O)c3ccccc3)CC2)CC1,CHEMBL485755,5.443697499
O=c1[nH]c2ccc(CCN3CCN(c4cccc5sc(F)cc45)CC3)cc2[nH]1,CHEMBL5996307,8.448001381
O=c1[nH]c2ccc(CCN3CCN(c4cccc5sccc45)CC3)cc2[nH]1,CHEMBL5967130,8.002526241
O=c1[nH]c2ccc(CCN3CCN(c4cccc5sccc45)CC3)cc2o1,CHEMBL6028182,8.262807357
O=c1[nH]c2ccc(CCN3CCN(c4cccc5sccc45)CC3)cc2s1,CHEMBL6058232,7.311580178
O=c1[nH]c2ccc(F)cc2n1C1CCN(C2CCN(Cc3ccccc3C(F)(F)F)CC2)CC1,CHEMBL491818,5
O=c1[nH]c2ccc(F)cc2n1C1CCN(C2CCN(S(=O)(=O)c3ccccc3)CC2)CC1,CHEMBL485953,5
O=c1[nH]c2cccc(N3CCN(Cc4cccc(-c5ccccc5)c4)CC3)c2o1,CHEMBL218166,8.537602002
O=c1[nH]c2ccccc2n1C1CCN(C2CCN(Cc3ccccc3Cl)CC2)CC1,CHEMBL477821,5.68613278
O=c1[nH]c2ccccc2n1C1CCN(C2CCN(Cc3ccccc3[N+](=O)[O-])CC2)CC1,CHEMBL478034,5.946921557
O=c1[nH]c2ccccc2n1CCCN1CCC(n2c(=O)[nH]c3cc(Cl)ccc32)CC1,CHEMBL219916,8.577246059
O=c1[nH]cnc2ccc(CCCCCN3CCN(c4cccc5sccc45)CC3)cc12,CHEMBL5827903,6.48945499
O=c1ccc2c([C@@H](O)CNCCc3cccc(CNCCc4ccccn4)c3)ccc(O)c2[nH]1,CHEMBL1945503,5
O=c1ccc2ccc(CCCCCN3CCN(c4cccc5sccc45)CC3)cc2[nH]1,CHEMBL5765721,8.212539525
O=c1ccc2ccc(CCCCCN3CCN(c4cccc5sncc45)CC3)cc2[nH]1,CHEMBL5619208,8.070581074
O=c1ccc2ccc(CCCCN3CCN(c4cccc5sccc45)CC3)cc2[nH]1,CHEMBL5881637,7.448550002
O=c1ccc2ccc(CCN3CCN(c4cc(F)cc5sccc45)CC3)cc2[nH]1,CHEMBL5836576,6.974694135
O=c1ccc2ccc(CCN3CCN(c4cccc5c4CCS5)CC3)cc2[nH]1,CHEMBL5810422,7.07007044
O=c1ccc2ccc(CCN3CCN(c4cccc5sc(F)cc45)CC3)cc2[nH]1,CHEMBL5914239,8.35261703
O=c1ccc2ccc(CCN3CCN(c4cccc5sccc45)CC3)cc2[nH]1,CHEMBL6035657,8.281913705
O=c1ccc2ccc(CCN3CCN(c4cncc5sccc45)CC3)cc2[nH]1,CHEMBL5856131,6.617982957
O=c1n(CCCCN2CCC(c3cc(F)cc4oncc34)CC2)nc2ccccn12,CHEMBL4636764,7.392544977
O=c1n(CCCCN2CCN(c3cccc4sc(F)cc34)CC2)nc2c(F)cccn12,CHEMBL4649106,7.954677021
O=c1n(CCCCN2CCN(c3cccc4sccc34)CC2)nc2c(Br)cccn12,CHEMBL4640409,6.978810701
O=c1n(CCCCN2CCN(c3cccc4sccc34)CC2)nc2c(Cl)cc(Cl)cn12,CHEMBL4648027,6.391473966
O=c1n(CCCCN2CCN(c3cccc4sccc34)CC2)nc2c(Cl)cccn12,CHEMBL4636321,7.023650021
O=c1n(CCCCN2CCN(c3cccc4sccc34)CC2)nc2c(F)cc(F)cn12,CHEMBL4635414,7.202040356
O=c1n(CCCCN2CCN(c3cccc4sccc34)CC2)nc2c(F)cccn12,CHEMBL4644352,7.519993057
O=c1n(CCCCN2CCN(c3cccc4sccc34)CC2)nc2ccc(Cl)cn12,CHEMBL4633978,6.869666232
O=c1n(CCCCN2CCN(c3cccc4sccc34)CC2)nc2ccc(F)cn12,CHEMBL4647011,7.580044252
O=c1n(CCCCN2CCN(c3cccc4sccc34)CC2)nc2ccccn12,CHEMBL4638599,7.906578315
O=c1n(CCCCN2CCN(c3cccc4scnc34)CC2)nc2c(F)cccn12,CHEMBL4633397,8.15490196
O=c1n(CCCCN2CCN(c3cccc4scnc34)CC2)nc2ccccn12,CHEMBL4635890,6.931814138
O=c1n(CCCN2CCN(c3cccc(Cl)c3)CC2)nc2ccccn12,CHEMBL621,5.348237553
O=c1oc2ccc(C(F)(F)F)cc2cc1CN1CCCC1,CHEMBL3113642,4.522878745
O=c1oc2ccc(OC(F)(F)F)cc2cc1CN1CCCC1,CHEMBL3113643,4.585026652
O=c1oc2ccc([N+](=O)[O-])cc2cc1CN1CCCC1,CHEMBL3113641,4.522878745
OC(CCCN1CCCCC1)(c1ccccc1)c1ccccc1,CHEMBL936,5.482804102
OC1(c2ccc(Cl)cc2)CCN(Cc2c[nH]c3ccccc23)CC1,CHEMBL445102,8.350665141
OCCN1CCN(CCCN2c3ccccc3Sc3ccc(C(F)(F)F)cc32)CC1,CHEMBL726,8.791558644
OCCN1CCN(CCCN2c3ccccc3Sc3ccc(Cl)cc32)CC1,CHEMBL567,9.522878745
OCCOCCN1CCN(C2=Nc3ccccc3Sc3ccccc32)CC1,CHEMBL716,5.876181014
OC[C@H]1O[C@H](Oc2ccc(CC3NCCc4cc(O)c(O)cc43)cc2)[C@H](O)[C@H](O)[C@H]1O,CHEMBL2303762,5.616184634
OCc1cc([C@@H](O)CNCCc2ccc(CNCCc3ccccc3)cc2)ccc1O,CHEMBL1945300,5.100000128
O[C@@]1(c2ccc(Cl)c(Cl)c2)C[C@H]2CC[C@@H](C1)N2Cc1c[nH]c2ccccc12,CHEMBL3084503,6.677780705
O[C@@]1(c2ccc(Cl)cc2)C[C@H]2CC[C@@H](C1)N2Cc1coc2ccccc12,CHEMBL3084515,8.716698771
O[C@@]1(c2ccc(Cl)cc2)C[C@H]2CC[C@@H](C1)N2Cc1csc2ccccc12,CHEMBL3084512,7.581698709
O[C@]1(c2ccc(Cl)cc2)C[C@H]2CC[C@@H](C1)N2Cc1c[nH]c2ccccc12,CHEMBL3084502,7.316052869
Oc1ccc(CN2CCO[C@H](CCc3ccccc3)C2)cc1,CHEMBL3335555,4.782516056
Oc1ccc2c(c1)CCN2,CHEMBL19331,5.987162775
Oc1ccc2c(c1)CN1CCc3cc4c(cc3C1C2)OCO4,CHEMBL4476383,6.301029996
Oc1cccc(CCN(CCc2ccccc2)CC2CCC2)c1,CHEMBL2180639,5.783306401
Oc1cccc2c1CC1c3cc4c(cc3CCN1C2)OCO4,CHEMBL4582377,6.721246399
S=C1CCc2ccc(CCN3CCN(c4cccc5sccc45)CC3)cc2N1,CHEMBL6045417,7.962573502
[O-][S+](CCN1CCN(CC(O)Cc2ccccc2)CC1)C(c1ccc(F)cc1)c1ccc(F)cc1,CHEMBL3918282,5
c1c2c(cc3c1OCO3)CN1CCc3cc4c(cc3[C@@H]1C2)OCO4,CHEMBL3903297,5.906788508
c1cc(N2CCN(CCCCc3nnnn3C3CCCCC3)CC2)c2ccsc2c1,CHEMBL5804051,8.026872146
c1cc(N2CCN(CCc3ccc4ncsc4c3)CC2)c2ccsc2c1,CHEMBL5901665,7.573488739
c1ccc(CCC2CN(Cc3nc4ccccc4[nH]3)CCO2)cc1,CHEMBL3335535,4
c1ccc(CCCN2CCN(Cc3ccccc3)CC2)cc1,CHEMBL273041,7
c1ccc(CC[C@@H]2CN(Cc3nc4ccccc4[nH]3)CCO2)cc1,CHEMBL3335537,4
c1ccc(CC[C@H]2CN(Cc3nc4ccccc4[nH]3)CCO2)cc1,CHEMBL3335536,4
c1ccc(COc2cccc3c2CC2c4cc5c(cc4CCN2C3)OCO5)cc1,CHEMBL4435291,5
c1ccc(N2CCN(CCCCc3nc4ccccc4s3)CC2)nc1,CHEMBL5436702,4.297358399
c1ccc(N2CCN(CCCc3nc4ccccc4s3)CC2)nc1,CHEMBL5400876,5.078573659
c1ccc([C@H]2C[C@@H]2CN2CCN(c3ccccc3)CC2)cc1,CHEMBL341497,7.431798276
c1ccc2[nH]c(CN3CCN(c4cccc5sccc45)CC3)nc2c1,CHEMBL5891578,6.995678626
c1ccc2c(N3CCNCC3)cccc2c1,CHEMBL277120,6
c1ccc2sc(SSc3nc4ccccc4s3)nc2c1,CHEMBL508112,5.231657941
c1cnc(N2CCN(CCCCc3nc4ccccc4s3)CC2)nc1,CHEMBL2037521,6.52651303
c1cnc(N2CCN(CCCc3nc4ccccc4s3)CC2)nc1,CHEMBL3289656,4.258848401
c1cnc(N2CCN(Cc3cccc(-c4ccsc4)c3)CC2)nc1,CHEMBL64597,6.522878745
c1cnc(N2CCN(Cc3cccc4c3-c3ccccc3C4)CC2)nc1,CHEMBL304692,5.638272164
c1cnc(N2CCN(Cc3cccc4c3Cc3ccccc3-4)CC2)nc1,CHEMBL303519,5.008773924
c1cnc2c(c1)CN[C@@H](CN(CCCC1CCNCC1)[C@H]1CCCc3cccnc31)C2,CHEMBL5081505,5.008773924
c1cnc2c(c1)CN[C@@H](CN(CCCCN1CCOCC1)[C@H]1CCCc3cccnc31)C2,CHEMBL5082142,4.522878745
c1cnc2c(c1)CN[C@@H](CN(CCCCNC1CCOCC1)[C@H]1CCCc3cccnc31)C2,CHEMBL5085511,4.522878745
c1cnc2c(c1)CN[C@@H](CN(CCCCNC1COC1)[C@H]1CCCc3cccnc31)C2,CHEMBL5083458,4.522878745
